2026-02-27 23:54:58,563 [Worker-6: Loading available Gradle versions] INFO  o.e.b.c.i.u.g.PublishedGradleVersions - Gradle version information cache is not available. Remote download required.
2026-02-28 00:03:54,159 [Worker-21: reload maven project] ERROR o.e.m.c.i.p.r.ProjectRegistryManager - Failed to read Maven project: Some problems were encountered while processing the POMs:
[FATAL] Non-readable POM /home/manikandan/Project Hub/SpringBoot Projects/TaskTracker/pom.xml: input contained no data @ 

org.apache.maven.project.ProjectBuildingException: Some problems were encountered while processing the POMs:
[FATAL] Non-readable POM /home/manikandan/Project Hub/SpringBoot Projects/TaskTracker/pom.xml: input contained no data @ 

	at org.eclipse.m2e.core.internal.IMavenToolbox.readMavenProjects(IMavenToolbox.java:140)
	at org.eclipse.m2e.core.internal.project.registry.ProjectRegistryManager.lambda$22(ProjectRegistryManager.java:943)
	at org.eclipse.m2e.core.internal.embedder.MavenExecutionContext.executeBare(MavenExecutionContext.java:458)
	at org.eclipse.m2e.core.internal.embedder.MavenExecutionContext.execute(MavenExecutionContext.java:339)
	at org.eclipse.m2e.core.internal.embedder.MavenExecutionContext.execute(MavenExecutionContext.java:278)
	at org.eclipse.m2e.core.internal.project.registry.ProjectRegistryManager.readProjectsWithDependencies(ProjectRegistryManager.java:939)
	at org.eclipse.m2e.core.internal.project.registry.ProjectRegistryManager.create(ProjectRegistryManager.java:219)
	at org.eclipse.m2e.core.internal.project.registry.MavenProjectManager.create(MavenProjectManager.java:105)
	at org.eclipse.m2e.core.ui.internal.actions.SelectionUtil.getMavenProject(SelectionUtil.java:239)
	at org.eclipse.m2e.editor.pom.MavenPomEditor.readMavenProject(MavenPomEditor.java:709)
	at org.eclipse.m2e.editor.pom.MavenPomEditor$4.run(MavenPomEditor.java:1029)
	at org.eclipse.core.internal.jobs.Worker.run(Worker.java:63)
2026-02-28 00:04:28,442 [Worker-3: reload maven project] INFO  o.e.m.c.i.e.AbstractTransferListenerAdapter - Downloading https://repo.maven.apache.org/maven2/org/springframework/boot/spring-boot-starter-parent/3.2.0/spring-boot-starter-parent-3.2.0.pom
2026-02-28 00:04:28,452 [Worker-3: reload maven project] INFO  o.e.m.c.i.e.AbstractTransferListenerAdapter - Downloaded https://repo.maven.apache.org/maven2/org/springframework/boot/spring-boot-starter-parent/3.2.0/spring-boot-starter-parent-3.2.0.pom
2026-02-28 00:04:28,516 [Worker-3: reload maven project] INFO  o.e.m.c.i.e.AbstractTransferListenerAdapter - Downloading https://repo.maven.apache.org/maven2/org/springframework/boot/spring-boot-dependencies/3.2.0/spring-boot-dependencies-3.2.0.pom
2026-02-28 00:04:28,522 [Worker-3: reload maven project] INFO  o.e.m.c.i.e.AbstractTransferListenerAdapter - Downloaded https://repo.maven.apache.org/maven2/org/springframework/boot/spring-boot-dependencies/3.2.0/spring-boot-dependencies-3.2.0.pom
2026-02-28 00:04:28,635 [Worker-3: reload maven project] INFO  o.e.m.c.i.e.AbstractTransferListenerAdapter - Downloading https://repo.maven.apache.org/maven2/org/assertj/assertj-bom/3.24.2/assertj-bom-3.24.2.pom
2026-02-28 00:04:28,637 [Worker-3: reload maven project] INFO  o.e.m.c.i.e.AbstractTransferListenerAdapter - Downloaded https://repo.maven.apache.org/maven2/org/assertj/assertj-bom/3.24.2/assertj-bom-3.24.2.pom
2026-02-28 00:04:28,727 [Worker-3: reload maven project] INFO  o.e.m.c.i.e.AbstractTransferListenerAdapter - Downloading https://repo.maven.apache.org/maven2/io/zipkin/brave/brave-bom/5.16.0/brave-bom-5.16.0.pom
2026-02-28 00:04:28,730 [Worker-3: reload maven project] INFO  o.e.m.c.i.e.AbstractTransferListenerAdapter - Downloaded https://repo.maven.apache.org/maven2/io/zipkin/brave/brave-bom/5.16.0/brave-bom-5.16.0.pom
2026-02-28 00:04:28,835 [Worker-3: reload maven project] INFO  o.e.m.c.i.e.AbstractTransferListenerAdapter - Downloading https://repo.maven.apache.org/maven2/io/zipkin/reporter2/zipkin-reporter-bom/2.16.3/zipkin-reporter-bom-2.16.3.pom
2026-02-28 00:04:28,836 [Worker-3: reload maven project] INFO  o.e.m.c.i.e.AbstractTransferListenerAdapter - Downloaded https://repo.maven.apache.org/maven2/io/zipkin/reporter2/zipkin-reporter-bom/2.16.3/zipkin-reporter-bom-2.16.3.pom
2026-02-28 00:04:28,897 [Worker-3: reload maven project] INFO  o.e.m.c.i.e.AbstractTransferListenerAdapter - Downloading https://repo.maven.apache.org/maven2/com/datastax/oss/java-driver-bom/4.17.0/java-driver-bom-4.17.0.pom
2026-02-28 00:04:28,898 [Worker-3: reload maven project] INFO  o.e.m.c.i.e.AbstractTransferListenerAdapter - Downloaded https://repo.maven.apache.org/maven2/com/datastax/oss/java-driver-bom/4.17.0/java-driver-bom-4.17.0.pom
2026-02-28 00:04:28,965 [Worker-3: reload maven project] INFO  o.e.m.c.i.e.AbstractTransferListenerAdapter - Downloading https://repo.maven.apache.org/maven2/org/glassfish/jaxb/jaxb-bom/4.0.4/jaxb-bom-4.0.4.pom
2026-02-28 00:04:28,967 [Worker-3: reload maven project] INFO  o.e.m.c.i.e.AbstractTransferListenerAdapter - Downloaded https://repo.maven.apache.org/maven2/org/glassfish/jaxb/jaxb-bom/4.0.4/jaxb-bom-4.0.4.pom
2026-02-28 00:04:29,033 [Worker-3: reload maven project] INFO  o.e.m.c.i.e.AbstractTransferListenerAdapter - Downloading https://repo.maven.apache.org/maven2/org/apache/groovy/groovy-bom/4.0.15/groovy-bom-4.0.15.pom
2026-02-28 00:04:29,037 [Worker-3: reload maven project] INFO  o.e.m.c.i.e.AbstractTransferListenerAdapter - Downloaded https://repo.maven.apache.org/maven2/org/apache/groovy/groovy-bom/4.0.15/groovy-bom-4.0.15.pom
2026-02-28 00:04:29,098 [Worker-3: reload maven project] INFO  o.e.m.c.i.e.AbstractTransferListenerAdapter - Downloading https://repo.maven.apache.org/maven2/org/infinispan/infinispan-bom/14.0.21.Final/infinispan-bom-14.0.21.Final.pom
2026-02-28 00:04:29,102 [Worker-3: reload maven project] INFO  o.e.m.c.i.e.AbstractTransferListenerAdapter - Downloaded https://repo.maven.apache.org/maven2/org/infinispan/infinispan-bom/14.0.21.Final/infinispan-bom-14.0.21.Final.pom
2026-02-28 00:04:29,179 [Worker-3: reload maven project] INFO  o.e.m.c.i.e.AbstractTransferListenerAdapter - Downloading https://repo.maven.apache.org/maven2/org/infinispan/infinispan-build-configuration-parent/14.0.21.Final/infinispan-build-configuration-parent-14.0.21.Final.pom
2026-02-28 00:04:29,184 [Worker-3: reload maven project] INFO  o.e.m.c.i.e.AbstractTransferListenerAdapter - Downloaded https://repo.maven.apache.org/maven2/org/infinispan/infinispan-build-configuration-parent/14.0.21.Final/infinispan-build-configuration-parent-14.0.21.Final.pom
2026-02-28 00:04:29,251 [Worker-3: reload maven project] INFO  o.e.m.c.i.e.AbstractTransferListenerAdapter - Downloading https://repo.maven.apache.org/maven2/com/fasterxml/jackson/jackson-bom/2.15.3/jackson-bom-2.15.3.pom
2026-02-28 00:04:29,253 [Worker-3: reload maven project] INFO  o.e.m.c.i.e.AbstractTransferListenerAdapter - Downloaded https://repo.maven.apache.org/maven2/com/fasterxml/jackson/jackson-bom/2.15.3/jackson-bom-2.15.3.pom
2026-02-28 00:04:29,311 [Worker-3: reload maven project] INFO  o.e.m.c.i.e.AbstractTransferListenerAdapter - Downloading https://repo.maven.apache.org/maven2/com/fasterxml/jackson/jackson-parent/2.15/jackson-parent-2.15.pom
2026-02-28 00:04:29,313 [Worker-3: reload maven project] INFO  o.e.m.c.i.e.AbstractTransferListenerAdapter - Downloaded https://repo.maven.apache.org/maven2/com/fasterxml/jackson/jackson-parent/2.15/jackson-parent-2.15.pom
2026-02-28 00:04:29,374 [Worker-3: reload maven project] INFO  o.e.m.c.i.e.AbstractTransferListenerAdapter - Downloading https://repo.maven.apache.org/maven2/com/fasterxml/oss-parent/50/oss-parent-50.pom
2026-02-28 00:04:29,383 [Worker-3: reload maven project] INFO  o.e.m.c.i.e.AbstractTransferListenerAdapter - Downloaded https://repo.maven.apache.org/maven2/com/fasterxml/oss-parent/50/oss-parent-50.pom
2026-02-28 00:04:29,462 [Worker-3: reload maven project] INFO  o.e.m.c.i.e.AbstractTransferListenerAdapter - Downloading https://repo.maven.apache.org/maven2/org/glassfish/jersey/jersey-bom/3.1.3/jersey-bom-3.1.3.pom
2026-02-28 00:04:29,464 [Worker-3: reload maven project] INFO  o.e.m.c.i.e.AbstractTransferListenerAdapter - Downloaded https://repo.maven.apache.org/maven2/org/glassfish/jersey/jersey-bom/3.1.3/jersey-bom-3.1.3.pom
2026-02-28 00:04:29,546 [Worker-3: reload maven project] INFO  o.e.m.c.i.e.AbstractTransferListenerAdapter - Downloading https://repo.maven.apache.org/maven2/org/eclipse/jetty/ee10/jetty-ee10-bom/12.0.3/jetty-ee10-bom-12.0.3.pom
2026-02-28 00:04:29,548 [Worker-3: reload maven project] INFO  o.e.m.c.i.e.AbstractTransferListenerAdapter - Downloaded https://repo.maven.apache.org/maven2/org/eclipse/jetty/ee10/jetty-ee10-bom/12.0.3/jetty-ee10-bom-12.0.3.pom
2026-02-28 00:04:29,607 [Worker-3: reload maven project] INFO  o.e.m.c.i.e.AbstractTransferListenerAdapter - Downloading https://repo.maven.apache.org/maven2/org/eclipse/jetty/jetty-bom/12.0.3/jetty-bom-12.0.3.pom
2026-02-28 00:04:29,609 [Worker-3: reload maven project] INFO  o.e.m.c.i.e.AbstractTransferListenerAdapter - Downloaded https://repo.maven.apache.org/maven2/org/eclipse/jetty/jetty-bom/12.0.3/jetty-bom-12.0.3.pom
2026-02-28 00:04:29,672 [Worker-3: reload maven project] INFO  o.e.m.c.i.e.AbstractTransferListenerAdapter - Downloading https://repo.maven.apache.org/maven2/org/jetbrains/kotlin/kotlin-bom/1.9.20/kotlin-bom-1.9.20.pom
2026-02-28 00:04:29,674 [Worker-3: reload maven project] INFO  o.e.m.c.i.e.AbstractTransferListenerAdapter - Downloaded https://repo.maven.apache.org/maven2/org/jetbrains/kotlin/kotlin-bom/1.9.20/kotlin-bom-1.9.20.pom
2026-02-28 00:04:29,742 [Worker-3: reload maven project] INFO  o.e.m.c.i.e.AbstractTransferListenerAdapter - Downloading https://repo.maven.apache.org/maven2/org/jetbrains/kotlinx/kotlinx-coroutines-bom/1.7.3/kotlinx-coroutines-bom-1.7.3.pom
2026-02-28 00:04:29,744 [Worker-3: reload maven project] INFO  o.e.m.c.i.e.AbstractTransferListenerAdapter - Downloaded https://repo.maven.apache.org/maven2/org/jetbrains/kotlinx/kotlinx-coroutines-bom/1.7.3/kotlinx-coroutines-bom-1.7.3.pom
2026-02-28 00:04:29,839 [Worker-3: reload maven project] INFO  o.e.m.c.i.e.AbstractTransferListenerAdapter - Downloading https://repo.maven.apache.org/maven2/org/jetbrains/kotlinx/kotlinx-serialization-bom/1.6.1/kotlinx-serialization-bom-1.6.1.pom
2026-02-28 00:04:29,841 [Worker-3: reload maven project] INFO  o.e.m.c.i.e.AbstractTransferListenerAdapter - Downloaded https://repo.maven.apache.org/maven2/org/jetbrains/kotlinx/kotlinx-serialization-bom/1.6.1/kotlinx-serialization-bom-1.6.1.pom
2026-02-28 00:04:29,912 [Worker-3: reload maven project] INFO  o.e.m.c.i.e.AbstractTransferListenerAdapter - Downloading https://repo.maven.apache.org/maven2/org/apache/logging/log4j/log4j-bom/2.21.1/log4j-bom-2.21.1.pom
2026-02-28 00:04:29,914 [Worker-3: reload maven project] INFO  o.e.m.c.i.e.AbstractTransferListenerAdapter - Downloaded https://repo.maven.apache.org/maven2/org/apache/logging/log4j/log4j-bom/2.21.1/log4j-bom-2.21.1.pom
2026-02-28 00:04:29,974 [Worker-3: reload maven project] INFO  o.e.m.c.i.e.AbstractTransferListenerAdapter - Downloading https://repo.maven.apache.org/maven2/org/apache/logging/logging-parent/10.1.1/logging-parent-10.1.1.pom
2026-02-28 00:04:29,988 [Worker-3: reload maven project] INFO  o.e.m.c.i.e.AbstractTransferListenerAdapter - Downloaded https://repo.maven.apache.org/maven2/org/apache/logging/logging-parent/10.1.1/logging-parent-10.1.1.pom
2026-02-28 00:04:30,050 [Worker-3: reload maven project] INFO  o.e.m.c.i.e.AbstractTransferListenerAdapter - Downloading https://repo.maven.apache.org/maven2/io/micrometer/micrometer-bom/1.12.0/micrometer-bom-1.12.0.pom
2026-02-28 00:04:30,051 [Worker-3: reload maven project] INFO  o.e.m.c.i.e.AbstractTransferListenerAdapter - Downloaded https://repo.maven.apache.org/maven2/io/micrometer/micrometer-bom/1.12.0/micrometer-bom-1.12.0.pom
2026-02-28 00:04:30,114 [Worker-3: reload maven project] INFO  o.e.m.c.i.e.AbstractTransferListenerAdapter - Downloading https://repo.maven.apache.org/maven2/io/micrometer/micrometer-tracing-bom/1.2.0/micrometer-tracing-bom-1.2.0.pom
2026-02-28 00:04:30,115 [Worker-3: reload maven project] INFO  o.e.m.c.i.e.AbstractTransferListenerAdapter - Downloaded https://repo.maven.apache.org/maven2/io/micrometer/micrometer-tracing-bom/1.2.0/micrometer-tracing-bom-1.2.0.pom
2026-02-28 00:04:30,174 [Worker-3: reload maven project] INFO  o.e.m.c.i.e.AbstractTransferListenerAdapter - Downloading https://repo.maven.apache.org/maven2/org/mockito/mockito-bom/5.7.0/mockito-bom-5.7.0.pom
2026-02-28 00:04:30,176 [Worker-3: reload maven project] INFO  o.e.m.c.i.e.AbstractTransferListenerAdapter - Downloaded https://repo.maven.apache.org/maven2/org/mockito/mockito-bom/5.7.0/mockito-bom-5.7.0.pom
2026-02-28 00:04:30,251 [Worker-3: reload maven project] INFO  o.e.m.c.i.e.AbstractTransferListenerAdapter - Downloading https://repo.maven.apache.org/maven2/com/squareup/okhttp3/okhttp-bom/4.12.0/okhttp-bom-4.12.0.pom
2026-02-28 00:04:30,252 [Worker-3: reload maven project] INFO  o.e.m.c.i.e.AbstractTransferListenerAdapter - Downloaded https://repo.maven.apache.org/maven2/com/squareup/okhttp3/okhttp-bom/4.12.0/okhttp-bom-4.12.0.pom
2026-02-28 00:04:30,326 [Worker-3: reload maven project] INFO  o.e.m.c.i.e.AbstractTransferListenerAdapter - Downloading https://repo.maven.apache.org/maven2/io/opentelemetry/opentelemetry-bom/1.31.0/opentelemetry-bom-1.31.0.pom
2026-02-28 00:04:30,327 [Worker-3: reload maven project] INFO  o.e.m.c.i.e.AbstractTransferListenerAdapter - Downloaded https://repo.maven.apache.org/maven2/io/opentelemetry/opentelemetry-bom/1.31.0/opentelemetry-bom-1.31.0.pom
2026-02-28 00:04:30,381 [Worker-3: reload maven project] INFO  o.e.m.c.i.e.AbstractTransferListenerAdapter - Downloading https://repo.maven.apache.org/maven2/com/oracle/database/jdbc/ojdbc-bom/23.3.0.23.09/ojdbc-bom-23.3.0.23.09.pom
2026-02-28 00:04:30,383 [Worker-3: reload maven project] INFO  o.e.m.c.i.e.AbstractTransferListenerAdapter - Downloaded https://repo.maven.apache.org/maven2/com/oracle/database/jdbc/ojdbc-bom/23.3.0.23.09/ojdbc-bom-23.3.0.23.09.pom
2026-02-28 00:04:30,446 [Worker-3: reload maven project] INFO  o.e.m.c.i.e.AbstractTransferListenerAdapter - Downloading https://repo.maven.apache.org/maven2/io/projectreactor/reactor-bom/2023.0.0/reactor-bom-2023.0.0.pom
2026-02-28 00:04:30,448 [Worker-3: reload maven project] INFO  o.e.m.c.i.e.AbstractTransferListenerAdapter - Downloaded https://repo.maven.apache.org/maven2/io/projectreactor/reactor-bom/2023.0.0/reactor-bom-2023.0.0.pom
2026-02-28 00:04:30,507 [Worker-3: reload maven project] INFO  o.e.m.c.i.e.AbstractTransferListenerAdapter - Downloading https://repo.maven.apache.org/maven2/io/rest-assured/rest-assured-bom/5.3.2/rest-assured-bom-5.3.2.pom
2026-02-28 00:04:30,509 [Worker-3: reload maven project] INFO  o.e.m.c.i.e.AbstractTransferListenerAdapter - Downloaded https://repo.maven.apache.org/maven2/io/rest-assured/rest-assured-bom/5.3.2/rest-assured-bom-5.3.2.pom
2026-02-28 00:04:30,569 [Worker-3: reload maven project] INFO  o.e.m.c.i.e.AbstractTransferListenerAdapter - Downloading https://repo.maven.apache.org/maven2/org/seleniumhq/selenium/selenium-bom/4.14.1/selenium-bom-4.14.1.pom
2026-02-28 00:04:30,572 [Worker-3: reload maven project] INFO  o.e.m.c.i.e.AbstractTransferListenerAdapter - Downloaded https://repo.maven.apache.org/maven2/org/seleniumhq/selenium/selenium-bom/4.14.1/selenium-bom-4.14.1.pom
2026-02-28 00:04:30,631 [Worker-3: reload maven project] INFO  o.e.m.c.i.e.AbstractTransferListenerAdapter - Downloading https://repo.maven.apache.org/maven2/org/springframework/amqp/spring-amqp-bom/3.1.0/spring-amqp-bom-3.1.0.pom
2026-02-28 00:04:30,633 [Worker-3: reload maven project] INFO  o.e.m.c.i.e.AbstractTransferListenerAdapter - Downloaded https://repo.maven.apache.org/maven2/org/springframework/amqp/spring-amqp-bom/3.1.0/spring-amqp-bom-3.1.0.pom
2026-02-28 00:04:30,693 [Worker-3: reload maven project] INFO  o.e.m.c.i.e.AbstractTransferListenerAdapter - Downloading https://repo.maven.apache.org/maven2/org/springframework/batch/spring-batch-bom/5.1.0/spring-batch-bom-5.1.0.pom
2026-02-28 00:04:30,695 [Worker-3: reload maven project] INFO  o.e.m.c.i.e.AbstractTransferListenerAdapter - Downloaded https://repo.maven.apache.org/maven2/org/springframework/batch/spring-batch-bom/5.1.0/spring-batch-bom-5.1.0.pom
2026-02-28 00:04:30,767 [Worker-3: reload maven project] INFO  o.e.m.c.i.e.AbstractTransferListenerAdapter - Downloading https://repo.maven.apache.org/maven2/org/springframework/data/spring-data-bom/2023.1.0/spring-data-bom-2023.1.0.pom
2026-02-28 00:04:30,769 [Worker-3: reload maven project] INFO  o.e.m.c.i.e.AbstractTransferListenerAdapter - Downloaded https://repo.maven.apache.org/maven2/org/springframework/data/spring-data-bom/2023.1.0/spring-data-bom-2023.1.0.pom
2026-02-28 00:04:30,859 [Worker-3: reload maven project] INFO  o.e.m.c.i.e.AbstractTransferListenerAdapter - Downloading https://repo.maven.apache.org/maven2/org/springframework/spring-framework-bom/6.1.1/spring-framework-bom-6.1.1.pom
2026-02-28 00:04:30,860 [Worker-3: reload maven project] INFO  o.e.m.c.i.e.AbstractTransferListenerAdapter - Downloaded https://repo.maven.apache.org/maven2/org/springframework/spring-framework-bom/6.1.1/spring-framework-bom-6.1.1.pom
2026-02-28 00:04:30,926 [Worker-3: reload maven project] INFO  o.e.m.c.i.e.AbstractTransferListenerAdapter - Downloading https://repo.maven.apache.org/maven2/org/springframework/integration/spring-integration-bom/6.2.0/spring-integration-bom-6.2.0.pom
2026-02-28 00:04:30,929 [Worker-3: reload maven project] INFO  o.e.m.c.i.e.AbstractTransferListenerAdapter - Downloaded https://repo.maven.apache.org/maven2/org/springframework/integration/spring-integration-bom/6.2.0/spring-integration-bom-6.2.0.pom
2026-02-28 00:04:30,989 [Worker-3: reload maven project] INFO  o.e.m.c.i.e.AbstractTransferListenerAdapter - Downloading https://repo.maven.apache.org/maven2/org/springframework/restdocs/spring-restdocs-bom/3.0.1/spring-restdocs-bom-3.0.1.pom
2026-02-28 00:04:30,990 [Worker-3: reload maven project] INFO  o.e.m.c.i.e.AbstractTransferListenerAdapter - Downloaded https://repo.maven.apache.org/maven2/org/springframework/restdocs/spring-restdocs-bom/3.0.1/spring-restdocs-bom-3.0.1.pom
2026-02-28 00:04:31,055 [Worker-3: reload maven project] INFO  o.e.m.c.i.e.AbstractTransferListenerAdapter - Downloading https://repo.maven.apache.org/maven2/org/springframework/security/spring-security-bom/6.2.0/spring-security-bom-6.2.0.pom
2026-02-28 00:04:31,056 [Worker-3: reload maven project] INFO  o.e.m.c.i.e.AbstractTransferListenerAdapter - Downloaded https://repo.maven.apache.org/maven2/org/springframework/security/spring-security-bom/6.2.0/spring-security-bom-6.2.0.pom
2026-02-28 00:04:31,118 [Worker-3: reload maven project] INFO  o.e.m.c.i.e.AbstractTransferListenerAdapter - Downloading https://repo.maven.apache.org/maven2/org/springframework/session/spring-session-bom/3.2.0/spring-session-bom-3.2.0.pom
2026-02-28 00:04:31,120 [Worker-3: reload maven project] INFO  o.e.m.c.i.e.AbstractTransferListenerAdapter - Downloaded https://repo.maven.apache.org/maven2/org/springframework/session/spring-session-bom/3.2.0/spring-session-bom-3.2.0.pom
2026-02-28 00:04:31,240 [Worker-3: reload maven project] INFO  o.e.m.c.i.e.AbstractTransferListenerAdapter - Downloading https://repo.maven.apache.org/maven2/org/springframework/ws/spring-ws-bom/4.0.8/spring-ws-bom-4.0.8.pom
2026-02-28 00:04:31,241 [Worker-3: reload maven project] INFO  o.e.m.c.i.e.AbstractTransferListenerAdapter - Downloaded https://repo.maven.apache.org/maven2/org/springframework/ws/spring-ws-bom/4.0.8/spring-ws-bom-4.0.8.pom
2026-02-28 00:04:31,303 [Worker-3: reload maven project] INFO  o.e.m.c.i.e.AbstractTransferListenerAdapter - Downloading https://repo.maven.apache.org/maven2/org/testcontainers/testcontainers-bom/1.19.3/testcontainers-bom-1.19.3.pom
2026-02-28 00:04:31,306 [Worker-3: reload maven project] INFO  o.e.m.c.i.e.AbstractTransferListenerAdapter - Downloaded https://repo.maven.apache.org/maven2/org/testcontainers/testcontainers-bom/1.19.3/testcontainers-bom-1.19.3.pom
2026-02-28 00:04:31,552 [Worker-3: reload maven project] INFO  o.e.m.c.i.e.AbstractTransferListenerAdapter - Downloading https://repo.maven.apache.org/maven2/org/springframework/boot/spring-boot-starter-web/3.2.0/spring-boot-starter-web-3.2.0.pom
2026-02-28 00:04:31,553 [Worker-3: reload maven project] INFO  o.e.m.c.i.e.AbstractTransferListenerAdapter - Downloaded https://repo.maven.apache.org/maven2/org/springframework/boot/spring-boot-starter-web/3.2.0/spring-boot-starter-web-3.2.0.pom
2026-02-28 00:04:31,622 [Worker-3: reload maven project] INFO  o.e.m.c.i.e.AbstractTransferListenerAdapter - Downloading https://repo.maven.apache.org/maven2/org/springframework/boot/spring-boot-starter/3.2.0/spring-boot-starter-3.2.0.pom
2026-02-28 00:04:31,623 [Worker-3: reload maven project] INFO  o.e.m.c.i.e.AbstractTransferListenerAdapter - Downloaded https://repo.maven.apache.org/maven2/org/springframework/boot/spring-boot-starter/3.2.0/spring-boot-starter-3.2.0.pom
2026-02-28 00:04:31,692 [Worker-3: reload maven project] INFO  o.e.m.c.i.e.AbstractTransferListenerAdapter - Downloading https://repo.maven.apache.org/maven2/org/springframework/boot/spring-boot/3.2.0/spring-boot-3.2.0.pom
2026-02-28 00:04:31,694 [Worker-3: reload maven project] INFO  o.e.m.c.i.e.AbstractTransferListenerAdapter - Downloaded https://repo.maven.apache.org/maven2/org/springframework/boot/spring-boot/3.2.0/spring-boot-3.2.0.pom
2026-02-28 00:04:31,772 [Worker-3: reload maven project] INFO  o.e.m.c.i.e.AbstractTransferListenerAdapter - Downloading https://repo.maven.apache.org/maven2/org/springframework/spring-core/6.1.1/spring-core-6.1.1.pom
2026-02-28 00:04:31,773 [Worker-3: reload maven project] INFO  o.e.m.c.i.e.AbstractTransferListenerAdapter - Downloaded https://repo.maven.apache.org/maven2/org/springframework/spring-core/6.1.1/spring-core-6.1.1.pom
2026-02-28 00:04:31,831 [Worker-3: reload maven project] INFO  o.e.m.c.i.e.AbstractTransferListenerAdapter - Downloading https://repo.maven.apache.org/maven2/org/springframework/spring-jcl/6.1.1/spring-jcl-6.1.1.pom
2026-02-28 00:04:31,832 [Worker-3: reload maven project] INFO  o.e.m.c.i.e.AbstractTransferListenerAdapter - Downloaded https://repo.maven.apache.org/maven2/org/springframework/spring-jcl/6.1.1/spring-jcl-6.1.1.pom
2026-02-28 00:04:31,901 [Worker-3: reload maven project] INFO  o.e.m.c.i.e.AbstractTransferListenerAdapter - Downloading https://repo.maven.apache.org/maven2/org/springframework/spring-context/6.1.1/spring-context-6.1.1.pom
2026-02-28 00:04:31,903 [Worker-3: reload maven project] INFO  o.e.m.c.i.e.AbstractTransferListenerAdapter - Downloaded https://repo.maven.apache.org/maven2/org/springframework/spring-context/6.1.1/spring-context-6.1.1.pom
2026-02-28 00:04:31,971 [Worker-3: reload maven project] INFO  o.e.m.c.i.e.AbstractTransferListenerAdapter - Downloading https://repo.maven.apache.org/maven2/org/springframework/spring-aop/6.1.1/spring-aop-6.1.1.pom
2026-02-28 00:04:31,972 [Worker-3: reload maven project] INFO  o.e.m.c.i.e.AbstractTransferListenerAdapter - Downloaded https://repo.maven.apache.org/maven2/org/springframework/spring-aop/6.1.1/spring-aop-6.1.1.pom
2026-02-28 00:04:32,032 [Worker-3: reload maven project] INFO  o.e.m.c.i.e.AbstractTransferListenerAdapter - Downloading https://repo.maven.apache.org/maven2/org/springframework/spring-beans/6.1.1/spring-beans-6.1.1.pom
2026-02-28 00:04:32,033 [Worker-3: reload maven project] INFO  o.e.m.c.i.e.AbstractTransferListenerAdapter - Downloaded https://repo.maven.apache.org/maven2/org/springframework/spring-beans/6.1.1/spring-beans-6.1.1.pom
2026-02-28 00:04:32,088 [Worker-3: reload maven project] INFO  o.e.m.c.i.e.AbstractTransferListenerAdapter - Downloading https://repo.maven.apache.org/maven2/org/springframework/spring-expression/6.1.1/spring-expression-6.1.1.pom
2026-02-28 00:04:32,090 [Worker-3: reload maven project] INFO  o.e.m.c.i.e.AbstractTransferListenerAdapter - Downloaded https://repo.maven.apache.org/maven2/org/springframework/spring-expression/6.1.1/spring-expression-6.1.1.pom
2026-02-28 00:04:32,158 [Worker-3: reload maven project] INFO  o.e.m.c.i.e.AbstractTransferListenerAdapter - Downloading https://repo.maven.apache.org/maven2/io/micrometer/micrometer-observation/1.12.0/micrometer-observation-1.12.0.pom
2026-02-28 00:04:32,160 [Worker-3: reload maven project] INFO  o.e.m.c.i.e.AbstractTransferListenerAdapter - Downloaded https://repo.maven.apache.org/maven2/io/micrometer/micrometer-observation/1.12.0/micrometer-observation-1.12.0.pom
2026-02-28 00:04:32,241 [Worker-3: reload maven project] INFO  o.e.m.c.i.e.AbstractTransferListenerAdapter - Downloading https://repo.maven.apache.org/maven2/io/micrometer/micrometer-commons/1.12.0/micrometer-commons-1.12.0.pom
2026-02-28 00:04:32,242 [Worker-3: reload maven project] INFO  o.e.m.c.i.e.AbstractTransferListenerAdapter - Downloaded https://repo.maven.apache.org/maven2/io/micrometer/micrometer-commons/1.12.0/micrometer-commons-1.12.0.pom
2026-02-28 00:04:32,310 [Worker-3: reload maven project] INFO  o.e.m.c.i.e.AbstractTransferListenerAdapter - Downloading https://repo.maven.apache.org/maven2/org/springframework/boot/spring-boot-autoconfigure/3.2.0/spring-boot-autoconfigure-3.2.0.pom
2026-02-28 00:04:32,311 [Worker-3: reload maven project] INFO  o.e.m.c.i.e.AbstractTransferListenerAdapter - Downloaded https://repo.maven.apache.org/maven2/org/springframework/boot/spring-boot-autoconfigure/3.2.0/spring-boot-autoconfigure-3.2.0.pom
2026-02-28 00:04:32,378 [Worker-3: reload maven project] INFO  o.e.m.c.i.e.AbstractTransferListenerAdapter - Downloading https://repo.maven.apache.org/maven2/org/springframework/boot/spring-boot-starter-logging/3.2.0/spring-boot-starter-logging-3.2.0.pom
2026-02-28 00:04:32,380 [Worker-3: reload maven project] INFO  o.e.m.c.i.e.AbstractTransferListenerAdapter - Downloaded https://repo.maven.apache.org/maven2/org/springframework/boot/spring-boot-starter-logging/3.2.0/spring-boot-starter-logging-3.2.0.pom
2026-02-28 00:04:32,471 [Worker-3: reload maven project] INFO  o.e.m.c.i.e.AbstractTransferListenerAdapter - Downloading https://repo.maven.apache.org/maven2/ch/qos/logback/logback-classic/1.4.11/logback-classic-1.4.11.pom
2026-02-28 00:04:32,472 [Worker-3: reload maven project] INFO  o.e.m.c.i.e.AbstractTransferListenerAdapter - Downloaded https://repo.maven.apache.org/maven2/ch/qos/logback/logback-classic/1.4.11/logback-classic-1.4.11.pom
2026-02-28 00:04:32,566 [Worker-3: reload maven project] INFO  o.e.m.c.i.e.AbstractTransferListenerAdapter - Downloading https://repo.maven.apache.org/maven2/ch/qos/logback/logback-parent/1.4.11/logback-parent-1.4.11.pom
2026-02-28 00:04:32,567 [Worker-3: reload maven project] INFO  o.e.m.c.i.e.AbstractTransferListenerAdapter - Downloaded https://repo.maven.apache.org/maven2/ch/qos/logback/logback-parent/1.4.11/logback-parent-1.4.11.pom
2026-02-28 00:04:32,654 [Worker-3: reload maven project] INFO  o.e.m.c.i.e.AbstractTransferListenerAdapter - Downloading https://repo.maven.apache.org/maven2/ch/qos/logback/logback-core/1.4.11/logback-core-1.4.11.pom
2026-02-28 00:04:32,656 [Worker-3: reload maven project] INFO  o.e.m.c.i.e.AbstractTransferListenerAdapter - Downloaded https://repo.maven.apache.org/maven2/ch/qos/logback/logback-core/1.4.11/logback-core-1.4.11.pom
2026-02-28 00:04:32,727 [Worker-3: reload maven project] INFO  o.e.m.c.i.e.AbstractTransferListenerAdapter - Downloading https://repo.maven.apache.org/maven2/org/slf4j/slf4j-api/2.0.9/slf4j-api-2.0.9.pom
2026-02-28 00:04:32,728 [Worker-3: reload maven project] INFO  o.e.m.c.i.e.AbstractTransferListenerAdapter - Downloaded https://repo.maven.apache.org/maven2/org/slf4j/slf4j-api/2.0.9/slf4j-api-2.0.9.pom
2026-02-28 00:04:32,786 [Worker-3: reload maven project] INFO  o.e.m.c.i.e.AbstractTransferListenerAdapter - Downloading https://repo.maven.apache.org/maven2/org/slf4j/slf4j-parent/2.0.9/slf4j-parent-2.0.9.pom
2026-02-28 00:04:32,797 [Worker-3: reload maven project] INFO  o.e.m.c.i.e.AbstractTransferListenerAdapter - Downloaded https://repo.maven.apache.org/maven2/org/slf4j/slf4j-parent/2.0.9/slf4j-parent-2.0.9.pom
2026-02-28 00:04:32,867 [Worker-3: reload maven project] INFO  o.e.m.c.i.e.AbstractTransferListenerAdapter - Downloading https://repo.maven.apache.org/maven2/org/slf4j/slf4j-bom/2.0.9/slf4j-bom-2.0.9.pom
2026-02-28 00:04:32,868 [Worker-3: reload maven project] INFO  o.e.m.c.i.e.AbstractTransferListenerAdapter - Downloaded https://repo.maven.apache.org/maven2/org/slf4j/slf4j-bom/2.0.9/slf4j-bom-2.0.9.pom
2026-02-28 00:04:32,931 [Worker-3: reload maven project] INFO  o.e.m.c.i.e.AbstractTransferListenerAdapter - Downloading https://repo.maven.apache.org/maven2/org/apache/logging/log4j/log4j-to-slf4j/2.21.1/log4j-to-slf4j-2.21.1.pom
2026-02-28 00:04:32,933 [Worker-3: reload maven project] INFO  o.e.m.c.i.e.AbstractTransferListenerAdapter - Downloaded https://repo.maven.apache.org/maven2/org/apache/logging/log4j/log4j-to-slf4j/2.21.1/log4j-to-slf4j-2.21.1.pom
2026-02-28 00:04:33,004 [Worker-3: reload maven project] INFO  o.e.m.c.i.e.AbstractTransferListenerAdapter - Downloading https://repo.maven.apache.org/maven2/org/apache/logging/log4j/log4j/2.21.1/log4j-2.21.1.pom
2026-02-28 00:04:33,006 [Worker-3: reload maven project] INFO  o.e.m.c.i.e.AbstractTransferListenerAdapter - Downloaded https://repo.maven.apache.org/maven2/org/apache/logging/log4j/log4j/2.21.1/log4j-2.21.1.pom
2026-02-28 00:04:33,086 [Worker-3: reload maven project] INFO  o.e.m.c.i.e.AbstractTransferListenerAdapter - Downloading https://repo.maven.apache.org/maven2/org/ow2/asm/asm-bom/9.5/asm-bom-9.5.pom
2026-02-28 00:04:33,437 [Worker-3: reload maven project] INFO  o.e.m.c.i.e.AbstractTransferListenerAdapter - Downloaded https://repo.maven.apache.org/maven2/org/ow2/asm/asm-bom/9.5/asm-bom-9.5.pom
2026-02-28 00:04:33,511 [Worker-3: reload maven project] INFO  o.e.m.c.i.e.AbstractTransferListenerAdapter - Downloading https://repo.maven.apache.org/maven2/com/fasterxml/jackson/jackson-bom/2.15.2/jackson-bom-2.15.2.pom
2026-02-28 00:04:33,513 [Worker-3: reload maven project] INFO  o.e.m.c.i.e.AbstractTransferListenerAdapter - Downloaded https://repo.maven.apache.org/maven2/com/fasterxml/jackson/jackson-bom/2.15.2/jackson-bom-2.15.2.pom
2026-02-28 00:04:33,600 [Worker-3: reload maven project] INFO  o.e.m.c.i.e.AbstractTransferListenerAdapter - Downloading https://repo.maven.apache.org/maven2/io/fabric8/kubernetes-client-bom/5.12.4/kubernetes-client-bom-5.12.4.pom
2026-02-28 00:04:33,602 [Worker-3: reload maven project] INFO  o.e.m.c.i.e.AbstractTransferListenerAdapter - Downloaded https://repo.maven.apache.org/maven2/io/fabric8/kubernetes-client-bom/5.12.4/kubernetes-client-bom-5.12.4.pom
2026-02-28 00:04:33,671 [Worker-3: reload maven project] INFO  o.e.m.c.i.e.AbstractTransferListenerAdapter - Downloading https://repo.maven.apache.org/maven2/io/netty/netty-bom/4.1.97.Final/netty-bom-4.1.97.Final.pom
2026-02-28 00:04:33,672 [Worker-3: reload maven project] INFO  o.e.m.c.i.e.AbstractTransferListenerAdapter - Downloaded https://repo.maven.apache.org/maven2/io/netty/netty-bom/4.1.97.Final/netty-bom-4.1.97.Final.pom
2026-02-28 00:04:33,740 [Worker-3: reload maven project] INFO  o.e.m.c.i.e.AbstractTransferListenerAdapter - Downloading https://repo.maven.apache.org/maven2/org/springframework/spring-framework-bom/5.3.29/spring-framework-bom-5.3.29.pom
2026-02-28 00:04:33,741 [Worker-3: reload maven project] INFO  o.e.m.c.i.e.AbstractTransferListenerAdapter - Downloaded https://repo.maven.apache.org/maven2/org/springframework/spring-framework-bom/5.3.29/spring-framework-bom-5.3.29.pom
2026-02-28 00:04:33,827 [Worker-3: reload maven project] INFO  o.e.m.c.i.e.AbstractTransferListenerAdapter - Downloading https://repo.maven.apache.org/maven2/org/apache/logging/log4j/log4j-api/2.21.1/log4j-api-2.21.1.pom
2026-02-28 00:04:33,829 [Worker-3: reload maven project] INFO  o.e.m.c.i.e.AbstractTransferListenerAdapter - Downloaded https://repo.maven.apache.org/maven2/org/apache/logging/log4j/log4j-api/2.21.1/log4j-api-2.21.1.pom
2026-02-28 00:04:33,889 [Worker-3: reload maven project] INFO  o.e.m.c.i.e.AbstractTransferListenerAdapter - Downloading https://repo.maven.apache.org/maven2/org/slf4j/jul-to-slf4j/2.0.9/jul-to-slf4j-2.0.9.pom
2026-02-28 00:04:33,890 [Worker-3: reload maven project] INFO  o.e.m.c.i.e.AbstractTransferListenerAdapter - Downloaded https://repo.maven.apache.org/maven2/org/slf4j/jul-to-slf4j/2.0.9/jul-to-slf4j-2.0.9.pom
2026-02-28 00:04:34,165 [Worker-3: reload maven project] INFO  o.e.m.c.i.e.AbstractTransferListenerAdapter - Downloading https://repo.maven.apache.org/maven2/org/yaml/snakeyaml/2.2/snakeyaml-2.2.pom
2026-02-28 00:04:34,167 [Worker-3: reload maven project] INFO  o.e.m.c.i.e.AbstractTransferListenerAdapter - Downloaded https://repo.maven.apache.org/maven2/org/yaml/snakeyaml/2.2/snakeyaml-2.2.pom
2026-02-28 00:04:34,252 [Worker-3: reload maven project] INFO  o.e.m.c.i.e.AbstractTransferListenerAdapter - Downloading https://repo.maven.apache.org/maven2/org/springframework/boot/spring-boot-starter-json/3.2.0/spring-boot-starter-json-3.2.0.pom
2026-02-28 00:04:34,253 [Worker-3: reload maven project] INFO  o.e.m.c.i.e.AbstractTransferListenerAdapter - Downloaded https://repo.maven.apache.org/maven2/org/springframework/boot/spring-boot-starter-json/3.2.0/spring-boot-starter-json-3.2.0.pom
2026-02-28 00:04:34,313 [Worker-3: reload maven project] INFO  o.e.m.c.i.e.AbstractTransferListenerAdapter - Downloading https://repo.maven.apache.org/maven2/org/springframework/spring-web/6.1.1/spring-web-6.1.1.pom
2026-02-28 00:04:34,315 [Worker-3: reload maven project] INFO  o.e.m.c.i.e.AbstractTransferListenerAdapter - Downloaded https://repo.maven.apache.org/maven2/org/springframework/spring-web/6.1.1/spring-web-6.1.1.pom
2026-02-28 00:04:34,384 [Worker-3: reload maven project] INFO  o.e.m.c.i.e.AbstractTransferListenerAdapter - Downloading https://repo.maven.apache.org/maven2/com/fasterxml/jackson/core/jackson-databind/2.15.3/jackson-databind-2.15.3.pom
2026-02-28 00:04:34,386 [Worker-3: reload maven project] INFO  o.e.m.c.i.e.AbstractTransferListenerAdapter - Downloaded https://repo.maven.apache.org/maven2/com/fasterxml/jackson/core/jackson-databind/2.15.3/jackson-databind-2.15.3.pom
2026-02-28 00:04:34,447 [Worker-3: reload maven project] INFO  o.e.m.c.i.e.AbstractTransferListenerAdapter - Downloading https://repo.maven.apache.org/maven2/com/fasterxml/jackson/jackson-base/2.15.3/jackson-base-2.15.3.pom
2026-02-28 00:04:34,450 [Worker-3: reload maven project] INFO  o.e.m.c.i.e.AbstractTransferListenerAdapter - Downloaded https://repo.maven.apache.org/maven2/com/fasterxml/jackson/jackson-base/2.15.3/jackson-base-2.15.3.pom
2026-02-28 00:04:34,511 [Worker-3: reload maven project] INFO  o.e.m.c.i.e.AbstractTransferListenerAdapter - Downloading https://repo.maven.apache.org/maven2/org/junit/junit-bom/5.9.2/junit-bom-5.9.2.pom
2026-02-28 00:04:34,512 [Worker-3: reload maven project] INFO  o.e.m.c.i.e.AbstractTransferListenerAdapter - Downloaded https://repo.maven.apache.org/maven2/org/junit/junit-bom/5.9.2/junit-bom-5.9.2.pom
2026-02-28 00:04:34,573 [Worker-3: reload maven project] INFO  o.e.m.c.i.e.AbstractTransferListenerAdapter - Downloading https://repo.maven.apache.org/maven2/com/fasterxml/jackson/core/jackson-annotations/2.15.3/jackson-annotations-2.15.3.pom
2026-02-28 00:04:34,574 [Worker-3: reload maven project] INFO  o.e.m.c.i.e.AbstractTransferListenerAdapter - Downloaded https://repo.maven.apache.org/maven2/com/fasterxml/jackson/core/jackson-annotations/2.15.3/jackson-annotations-2.15.3.pom
2026-02-28 00:04:34,643 [Worker-3: reload maven project] INFO  o.e.m.c.i.e.AbstractTransferListenerAdapter - Downloading https://repo.maven.apache.org/maven2/com/fasterxml/jackson/core/jackson-core/2.15.3/jackson-core-2.15.3.pom
2026-02-28 00:04:34,644 [Worker-3: reload maven project] INFO  o.e.m.c.i.e.AbstractTransferListenerAdapter - Downloaded https://repo.maven.apache.org/maven2/com/fasterxml/jackson/core/jackson-core/2.15.3/jackson-core-2.15.3.pom
2026-02-28 00:04:34,726 [Worker-3: reload maven project] INFO  o.e.m.c.i.e.AbstractTransferListenerAdapter - Downloading https://repo.maven.apache.org/maven2/com/fasterxml/jackson/datatype/jackson-datatype-jdk8/2.15.3/jackson-datatype-jdk8-2.15.3.pom
2026-02-28 00:04:34,777 [Worker-3: reload maven project] INFO  o.e.m.c.i.e.AbstractTransferListenerAdapter - Downloaded https://repo.maven.apache.org/maven2/com/fasterxml/jackson/datatype/jackson-datatype-jdk8/2.15.3/jackson-datatype-jdk8-2.15.3.pom
2026-02-28 00:04:34,836 [Worker-3: reload maven project] INFO  o.e.m.c.i.e.AbstractTransferListenerAdapter - Downloading https://repo.maven.apache.org/maven2/com/fasterxml/jackson/module/jackson-modules-java8/2.15.3/jackson-modules-java8-2.15.3.pom
2026-02-28 00:04:34,837 [Worker-3: reload maven project] INFO  o.e.m.c.i.e.AbstractTransferListenerAdapter - Downloaded https://repo.maven.apache.org/maven2/com/fasterxml/jackson/module/jackson-modules-java8/2.15.3/jackson-modules-java8-2.15.3.pom
2026-02-28 00:04:34,914 [Worker-3: reload maven project] INFO  o.e.m.c.i.e.AbstractTransferListenerAdapter - Downloading https://repo.maven.apache.org/maven2/com/fasterxml/jackson/datatype/jackson-datatype-jsr310/2.15.3/jackson-datatype-jsr310-2.15.3.pom
2026-02-28 00:04:34,916 [Worker-3: reload maven project] INFO  o.e.m.c.i.e.AbstractTransferListenerAdapter - Downloaded https://repo.maven.apache.org/maven2/com/fasterxml/jackson/datatype/jackson-datatype-jsr310/2.15.3/jackson-datatype-jsr310-2.15.3.pom
2026-02-28 00:04:34,986 [Worker-3: reload maven project] INFO  o.e.m.c.i.e.AbstractTransferListenerAdapter - Downloading https://repo.maven.apache.org/maven2/com/fasterxml/jackson/module/jackson-module-parameter-names/2.15.3/jackson-module-parameter-names-2.15.3.pom
2026-02-28 00:04:34,988 [Worker-3: reload maven project] INFO  o.e.m.c.i.e.AbstractTransferListenerAdapter - Downloaded https://repo.maven.apache.org/maven2/com/fasterxml/jackson/module/jackson-module-parameter-names/2.15.3/jackson-module-parameter-names-2.15.3.pom
2026-02-28 00:04:35,066 [Worker-3: reload maven project] INFO  o.e.m.c.i.e.AbstractTransferListenerAdapter - Downloading https://repo.maven.apache.org/maven2/org/springframework/boot/spring-boot-starter-tomcat/3.2.0/spring-boot-starter-tomcat-3.2.0.pom
2026-02-28 00:04:35,068 [Worker-3: reload maven project] INFO  o.e.m.c.i.e.AbstractTransferListenerAdapter - Downloaded https://repo.maven.apache.org/maven2/org/springframework/boot/spring-boot-starter-tomcat/3.2.0/spring-boot-starter-tomcat-3.2.0.pom
2026-02-28 00:04:35,162 [Worker-3: reload maven project] INFO  o.e.m.c.i.e.AbstractTransferListenerAdapter - Downloading https://repo.maven.apache.org/maven2/org/apache/tomcat/embed/tomcat-embed-core/10.1.16/tomcat-embed-core-10.1.16.pom
2026-02-28 00:04:35,164 [Worker-3: reload maven project] INFO  o.e.m.c.i.e.AbstractTransferListenerAdapter - Downloaded https://repo.maven.apache.org/maven2/org/apache/tomcat/embed/tomcat-embed-core/10.1.16/tomcat-embed-core-10.1.16.pom
2026-02-28 00:04:35,258 [Worker-3: reload maven project] INFO  o.e.m.c.i.e.AbstractTransferListenerAdapter - Downloading https://repo.maven.apache.org/maven2/org/apache/tomcat/embed/tomcat-embed-el/10.1.16/tomcat-embed-el-10.1.16.pom
2026-02-28 00:04:35,260 [Worker-3: reload maven project] INFO  o.e.m.c.i.e.AbstractTransferListenerAdapter - Downloaded https://repo.maven.apache.org/maven2/org/apache/tomcat/embed/tomcat-embed-el/10.1.16/tomcat-embed-el-10.1.16.pom
2026-02-28 00:04:35,317 [Worker-3: reload maven project] INFO  o.e.m.c.i.e.AbstractTransferListenerAdapter - Downloading https://repo.maven.apache.org/maven2/org/apache/tomcat/embed/tomcat-embed-websocket/10.1.16/tomcat-embed-websocket-10.1.16.pom
2026-02-28 00:04:35,319 [Worker-3: reload maven project] INFO  o.e.m.c.i.e.AbstractTransferListenerAdapter - Downloaded https://repo.maven.apache.org/maven2/org/apache/tomcat/embed/tomcat-embed-websocket/10.1.16/tomcat-embed-websocket-10.1.16.pom
2026-02-28 00:04:35,387 [Worker-3: reload maven project] INFO  o.e.m.c.i.e.AbstractTransferListenerAdapter - Downloading https://repo.maven.apache.org/maven2/org/springframework/spring-webmvc/6.1.1/spring-webmvc-6.1.1.pom
2026-02-28 00:04:35,388 [Worker-3: reload maven project] INFO  o.e.m.c.i.e.AbstractTransferListenerAdapter - Downloaded https://repo.maven.apache.org/maven2/org/springframework/spring-webmvc/6.1.1/spring-webmvc-6.1.1.pom
2026-02-28 00:04:35,468 [Worker-3: reload maven project] INFO  o.e.m.c.i.e.AbstractTransferListenerAdapter - Downloading https://repo.maven.apache.org/maven2/org/springframework/boot/spring-boot-starter-data-jpa/3.2.0/spring-boot-starter-data-jpa-3.2.0.pom
2026-02-28 00:04:35,470 [Worker-3: reload maven project] INFO  o.e.m.c.i.e.AbstractTransferListenerAdapter - Downloaded https://repo.maven.apache.org/maven2/org/springframework/boot/spring-boot-starter-data-jpa/3.2.0/spring-boot-starter-data-jpa-3.2.0.pom
2026-02-28 00:04:35,549 [Worker-3: reload maven project] INFO  o.e.m.c.i.e.AbstractTransferListenerAdapter - Downloading https://repo.maven.apache.org/maven2/org/springframework/boot/spring-boot-starter-aop/3.2.0/spring-boot-starter-aop-3.2.0.pom
2026-02-28 00:04:35,551 [Worker-3: reload maven project] INFO  o.e.m.c.i.e.AbstractTransferListenerAdapter - Downloaded https://repo.maven.apache.org/maven2/org/springframework/boot/spring-boot-starter-aop/3.2.0/spring-boot-starter-aop-3.2.0.pom
2026-02-28 00:04:35,632 [Worker-3: reload maven project] INFO  o.e.m.c.i.e.AbstractTransferListenerAdapter - Downloading https://repo.maven.apache.org/maven2/org/aspectj/aspectjweaver/1.9.20.1/aspectjweaver-1.9.20.1.pom
2026-02-28 00:04:35,635 [Worker-3: reload maven project] INFO  o.e.m.c.i.e.AbstractTransferListenerAdapter - Downloaded https://repo.maven.apache.org/maven2/org/aspectj/aspectjweaver/1.9.20.1/aspectjweaver-1.9.20.1.pom
2026-02-28 00:04:35,695 [Worker-3: reload maven project] INFO  o.e.m.c.i.e.AbstractTransferListenerAdapter - Downloading https://repo.maven.apache.org/maven2/org/springframework/boot/spring-boot-starter-jdbc/3.2.0/spring-boot-starter-jdbc-3.2.0.pom
2026-02-28 00:04:35,697 [Worker-3: reload maven project] INFO  o.e.m.c.i.e.AbstractTransferListenerAdapter - Downloaded https://repo.maven.apache.org/maven2/org/springframework/boot/spring-boot-starter-jdbc/3.2.0/spring-boot-starter-jdbc-3.2.0.pom
2026-02-28 00:04:35,778 [Worker-3: reload maven project] INFO  o.e.m.c.i.e.AbstractTransferListenerAdapter - Downloading https://repo.maven.apache.org/maven2/com/zaxxer/HikariCP/5.0.1/HikariCP-5.0.1.pom
2026-02-28 00:04:35,781 [Worker-3: reload maven project] INFO  o.e.m.c.i.e.AbstractTransferListenerAdapter - Downloaded https://repo.maven.apache.org/maven2/com/zaxxer/HikariCP/5.0.1/HikariCP-5.0.1.pom
2026-02-28 00:04:35,843 [Worker-3: reload maven project] INFO  o.e.m.c.i.e.AbstractTransferListenerAdapter - Downloading https://repo.maven.apache.org/maven2/org/springframework/spring-jdbc/6.1.1/spring-jdbc-6.1.1.pom
2026-02-28 00:04:35,846 [Worker-3: reload maven project] INFO  o.e.m.c.i.e.AbstractTransferListenerAdapter - Downloaded https://repo.maven.apache.org/maven2/org/springframework/spring-jdbc/6.1.1/spring-jdbc-6.1.1.pom
2026-02-28 00:04:35,912 [Worker-3: reload maven project] INFO  o.e.m.c.i.e.AbstractTransferListenerAdapter - Downloading https://repo.maven.apache.org/maven2/org/springframework/spring-tx/6.1.1/spring-tx-6.1.1.pom
2026-02-28 00:04:35,914 [Worker-3: reload maven project] INFO  o.e.m.c.i.e.AbstractTransferListenerAdapter - Downloaded https://repo.maven.apache.org/maven2/org/springframework/spring-tx/6.1.1/spring-tx-6.1.1.pom
2026-02-28 00:04:35,990 [Worker-3: reload maven project] INFO  o.e.m.c.i.e.AbstractTransferListenerAdapter - Downloading https://repo.maven.apache.org/maven2/org/hibernate/orm/hibernate-core/6.3.1.Final/hibernate-core-6.3.1.Final.pom
2026-02-28 00:04:35,993 [Worker-3: reload maven project] INFO  o.e.m.c.i.e.AbstractTransferListenerAdapter - Downloaded https://repo.maven.apache.org/maven2/org/hibernate/orm/hibernate-core/6.3.1.Final/hibernate-core-6.3.1.Final.pom
2026-02-28 00:04:36,083 [Worker-3: reload maven project] INFO  o.e.m.c.i.e.AbstractTransferListenerAdapter - Downloading https://repo.maven.apache.org/maven2/org/jboss/logging/jboss-logging/3.5.3.Final/jboss-logging-3.5.3.Final.pom
2026-02-28 00:04:36,086 [Worker-3: reload maven project] INFO  o.e.m.c.i.e.AbstractTransferListenerAdapter - Downloaded https://repo.maven.apache.org/maven2/org/jboss/logging/jboss-logging/3.5.3.Final/jboss-logging-3.5.3.Final.pom
2026-02-28 00:04:36,217 [Worker-3: reload maven project] INFO  o.e.m.c.i.e.AbstractTransferListenerAdapter - Downloading https://repo.maven.apache.org/maven2/org/jboss/logging/logging-parent/1.0.1.Final/logging-parent-1.0.1.Final.pom
2026-02-28 00:04:36,220 [Worker-3: reload maven project] INFO  o.e.m.c.i.e.AbstractTransferListenerAdapter - Downloaded https://repo.maven.apache.org/maven2/org/jboss/logging/logging-parent/1.0.1.Final/logging-parent-1.0.1.Final.pom
2026-02-28 00:04:36,280 [Worker-3: reload maven project] INFO  o.e.m.c.i.e.AbstractTransferListenerAdapter - Downloading https://repo.maven.apache.org/maven2/org/junit/junit-bom/5.9.3/junit-bom-5.9.3.pom
2026-02-28 00:04:36,283 [Worker-3: reload maven project] INFO  o.e.m.c.i.e.AbstractTransferListenerAdapter - Downloaded https://repo.maven.apache.org/maven2/org/junit/junit-bom/5.9.3/junit-bom-5.9.3.pom
2026-02-28 00:04:36,359 [Worker-3: reload maven project] INFO  o.e.m.c.i.e.AbstractTransferListenerAdapter - Downloading https://repo.maven.apache.org/maven2/org/hibernate/common/hibernate-commons-annotations/6.0.6.Final/hibernate-commons-annotations-6.0.6.Final.pom
2026-02-28 00:04:36,362 [Worker-3: reload maven project] INFO  o.e.m.c.i.e.AbstractTransferListenerAdapter - Downloaded https://repo.maven.apache.org/maven2/org/hibernate/common/hibernate-commons-annotations/6.0.6.Final/hibernate-commons-annotations-6.0.6.Final.pom
2026-02-28 00:04:36,435 [Worker-3: reload maven project] INFO  o.e.m.c.i.e.AbstractTransferListenerAdapter - Downloading https://repo.maven.apache.org/maven2/io/smallrye/jandex/3.1.2/jandex-3.1.2.pom
2026-02-28 00:04:36,437 [Worker-3: reload maven project] INFO  o.e.m.c.i.e.AbstractTransferListenerAdapter - Downloaded https://repo.maven.apache.org/maven2/io/smallrye/jandex/3.1.2/jandex-3.1.2.pom
2026-02-28 00:04:36,504 [Worker-3: reload maven project] INFO  o.e.m.c.i.e.AbstractTransferListenerAdapter - Downloading https://repo.maven.apache.org/maven2/io/smallrye/jandex-parent/3.1.2/jandex-parent-3.1.2.pom
2026-02-28 00:04:36,507 [Worker-3: reload maven project] INFO  o.e.m.c.i.e.AbstractTransferListenerAdapter - Downloaded https://repo.maven.apache.org/maven2/io/smallrye/jandex-parent/3.1.2/jandex-parent-3.1.2.pom
2026-02-28 00:04:36,614 [Worker-3: reload maven project] INFO  o.e.m.c.i.e.AbstractTransferListenerAdapter - Downloading https://repo.maven.apache.org/maven2/io/smallrye/smallrye-build-parent/39/smallrye-build-parent-39.pom
2026-02-28 00:04:36,617 [Worker-3: reload maven project] INFO  o.e.m.c.i.e.AbstractTransferListenerAdapter - Downloaded https://repo.maven.apache.org/maven2/io/smallrye/smallrye-build-parent/39/smallrye-build-parent-39.pom
2026-02-28 00:04:36,683 [Worker-3: reload maven project] INFO  o.e.m.c.i.e.AbstractTransferListenerAdapter - Downloading https://repo.maven.apache.org/maven2/com/fasterxml/classmate/1.6.0/classmate-1.6.0.pom
2026-02-28 00:04:36,685 [Worker-3: reload maven project] INFO  o.e.m.c.i.e.AbstractTransferListenerAdapter - Downloaded https://repo.maven.apache.org/maven2/com/fasterxml/classmate/1.6.0/classmate-1.6.0.pom
2026-02-28 00:04:36,747 [Worker-3: reload maven project] INFO  o.e.m.c.i.e.AbstractTransferListenerAdapter - Downloading https://repo.maven.apache.org/maven2/com/fasterxml/oss-parent/55/oss-parent-55.pom
2026-02-28 00:04:36,748 [Worker-3: reload maven project] INFO  o.e.m.c.i.e.AbstractTransferListenerAdapter - Downloaded https://repo.maven.apache.org/maven2/com/fasterxml/oss-parent/55/oss-parent-55.pom
2026-02-28 00:04:36,814 [Worker-3: reload maven project] INFO  o.e.m.c.i.e.AbstractTransferListenerAdapter - Downloading https://repo.maven.apache.org/maven2/net/bytebuddy/byte-buddy/1.14.10/byte-buddy-1.14.10.pom
2026-02-28 00:04:36,817 [Worker-3: reload maven project] INFO  o.e.m.c.i.e.AbstractTransferListenerAdapter - Downloaded https://repo.maven.apache.org/maven2/net/bytebuddy/byte-buddy/1.14.10/byte-buddy-1.14.10.pom
2026-02-28 00:04:36,889 [Worker-3: reload maven project] INFO  o.e.m.c.i.e.AbstractTransferListenerAdapter - Downloading https://repo.maven.apache.org/maven2/net/bytebuddy/byte-buddy-parent/1.14.10/byte-buddy-parent-1.14.10.pom
2026-02-28 00:04:36,892 [Worker-3: reload maven project] INFO  o.e.m.c.i.e.AbstractTransferListenerAdapter - Downloaded https://repo.maven.apache.org/maven2/net/bytebuddy/byte-buddy-parent/1.14.10/byte-buddy-parent-1.14.10.pom
2026-02-28 00:04:36,953 [Worker-3: reload maven project] INFO  o.e.m.c.i.e.AbstractTransferListenerAdapter - Downloading https://repo.maven.apache.org/maven2/jakarta/xml/bind/jakarta.xml.bind-api/4.0.1/jakarta.xml.bind-api-4.0.1.pom
2026-02-28 00:04:36,956 [Worker-3: reload maven project] INFO  o.e.m.c.i.e.AbstractTransferListenerAdapter - Downloaded https://repo.maven.apache.org/maven2/jakarta/xml/bind/jakarta.xml.bind-api/4.0.1/jakarta.xml.bind-api-4.0.1.pom
2026-02-28 00:04:37,011 [Worker-3: reload maven project] INFO  o.e.m.c.i.e.AbstractTransferListenerAdapter - Downloading https://repo.maven.apache.org/maven2/jakarta/xml/bind/jakarta.xml.bind-api-parent/4.0.1/jakarta.xml.bind-api-parent-4.0.1.pom
2026-02-28 00:04:37,013 [Worker-3: reload maven project] INFO  o.e.m.c.i.e.AbstractTransferListenerAdapter - Downloaded https://repo.maven.apache.org/maven2/jakarta/xml/bind/jakarta.xml.bind-api-parent/4.0.1/jakarta.xml.bind-api-parent-4.0.1.pom
2026-02-28 00:04:37,103 [Worker-3: reload maven project] INFO  o.e.m.c.i.e.AbstractTransferListenerAdapter - Downloading https://repo.maven.apache.org/maven2/jakarta/activation/jakarta.activation-api/2.1.2/jakarta.activation-api-2.1.2.pom
2026-02-28 00:04:37,106 [Worker-3: reload maven project] INFO  o.e.m.c.i.e.AbstractTransferListenerAdapter - Downloaded https://repo.maven.apache.org/maven2/jakarta/activation/jakarta.activation-api/2.1.2/jakarta.activation-api-2.1.2.pom
2026-02-28 00:04:37,181 [Worker-3: reload maven project] INFO  o.e.m.c.i.e.AbstractTransferListenerAdapter - Downloading https://repo.maven.apache.org/maven2/org/glassfish/jaxb/jaxb-runtime/4.0.4/jaxb-runtime-4.0.4.pom
2026-02-28 00:04:37,182 [Worker-3: reload maven project] INFO  o.e.m.c.i.e.AbstractTransferListenerAdapter - Downloaded https://repo.maven.apache.org/maven2/org/glassfish/jaxb/jaxb-runtime/4.0.4/jaxb-runtime-4.0.4.pom
2026-02-28 00:04:37,248 [Worker-3: reload maven project] INFO  o.e.m.c.i.e.AbstractTransferListenerAdapter - Downloading https://repo.maven.apache.org/maven2/com/sun/xml/bind/mvn/jaxb-runtime-parent/4.0.4/jaxb-runtime-parent-4.0.4.pom
2026-02-28 00:04:37,249 [Worker-3: reload maven project] INFO  o.e.m.c.i.e.AbstractTransferListenerAdapter - Downloaded https://repo.maven.apache.org/maven2/com/sun/xml/bind/mvn/jaxb-runtime-parent/4.0.4/jaxb-runtime-parent-4.0.4.pom
2026-02-28 00:04:37,332 [Worker-3: reload maven project] INFO  o.e.m.c.i.e.AbstractTransferListenerAdapter - Downloading https://repo.maven.apache.org/maven2/com/sun/xml/bind/mvn/jaxb-parent/4.0.4/jaxb-parent-4.0.4.pom
2026-02-28 00:04:37,333 [Worker-3: reload maven project] INFO  o.e.m.c.i.e.AbstractTransferListenerAdapter - Downloaded https://repo.maven.apache.org/maven2/com/sun/xml/bind/mvn/jaxb-parent/4.0.4/jaxb-parent-4.0.4.pom
2026-02-28 00:04:37,428 [Worker-3: reload maven project] INFO  o.e.m.c.i.e.AbstractTransferListenerAdapter - Downloading https://repo.maven.apache.org/maven2/com/sun/xml/bind/jaxb-bom-ext/4.0.4/jaxb-bom-ext-4.0.4.pom
2026-02-28 00:04:37,431 [Worker-3: reload maven project] INFO  o.e.m.c.i.e.AbstractTransferListenerAdapter - Downloaded https://repo.maven.apache.org/maven2/com/sun/xml/bind/jaxb-bom-ext/4.0.4/jaxb-bom-ext-4.0.4.pom
2026-02-28 00:04:37,489 [Worker-3: reload maven project] INFO  o.e.m.c.i.e.AbstractTransferListenerAdapter - Downloading https://repo.maven.apache.org/maven2/org/glassfish/jaxb/jaxb-core/4.0.4/jaxb-core-4.0.4.pom
2026-02-28 00:04:37,490 [Worker-3: reload maven project] INFO  o.e.m.c.i.e.AbstractTransferListenerAdapter - Downloaded https://repo.maven.apache.org/maven2/org/glassfish/jaxb/jaxb-core/4.0.4/jaxb-core-4.0.4.pom
2026-02-28 00:04:37,569 [Worker-3: reload maven project] INFO  o.e.m.c.i.e.AbstractTransferListenerAdapter - Downloading https://repo.maven.apache.org/maven2/org/eclipse/angus/angus-activation/2.0.1/angus-activation-2.0.1.pom
2026-02-28 00:04:37,571 [Worker-3: reload maven project] INFO  o.e.m.c.i.e.AbstractTransferListenerAdapter - Downloaded https://repo.maven.apache.org/maven2/org/eclipse/angus/angus-activation/2.0.1/angus-activation-2.0.1.pom
2026-02-28 00:04:37,645 [Worker-3: reload maven project] INFO  o.e.m.c.i.e.AbstractTransferListenerAdapter - Downloading https://repo.maven.apache.org/maven2/org/eclipse/angus/angus-activation-project/2.0.1/angus-activation-project-2.0.1.pom
2026-02-28 00:04:37,648 [Worker-3: reload maven project] INFO  o.e.m.c.i.e.AbstractTransferListenerAdapter - Downloaded https://repo.maven.apache.org/maven2/org/eclipse/angus/angus-activation-project/2.0.1/angus-activation-project-2.0.1.pom
2026-02-28 00:04:37,710 [Worker-3: reload maven project] INFO  o.e.m.c.i.e.AbstractTransferListenerAdapter - Downloading https://repo.maven.apache.org/maven2/org/glassfish/jaxb/txw2/4.0.4/txw2-4.0.4.pom
2026-02-28 00:04:37,712 [Worker-3: reload maven project] INFO  o.e.m.c.i.e.AbstractTransferListenerAdapter - Downloaded https://repo.maven.apache.org/maven2/org/glassfish/jaxb/txw2/4.0.4/txw2-4.0.4.pom
2026-02-28 00:04:37,800 [Worker-3: reload maven project] INFO  o.e.m.c.i.e.AbstractTransferListenerAdapter - Downloading https://repo.maven.apache.org/maven2/com/sun/xml/bind/mvn/jaxb-txw-parent/4.0.4/jaxb-txw-parent-4.0.4.pom
2026-02-28 00:04:37,802 [Worker-3: reload maven project] INFO  o.e.m.c.i.e.AbstractTransferListenerAdapter - Downloaded https://repo.maven.apache.org/maven2/com/sun/xml/bind/mvn/jaxb-txw-parent/4.0.4/jaxb-txw-parent-4.0.4.pom
2026-02-28 00:04:37,869 [Worker-3: reload maven project] INFO  o.e.m.c.i.e.AbstractTransferListenerAdapter - Downloading https://repo.maven.apache.org/maven2/org/antlr/antlr4-runtime/4.10.1/antlr4-runtime-4.10.1.pom
2026-02-28 00:04:37,871 [Worker-3: reload maven project] INFO  o.e.m.c.i.e.AbstractTransferListenerAdapter - Downloaded https://repo.maven.apache.org/maven2/org/antlr/antlr4-runtime/4.10.1/antlr4-runtime-4.10.1.pom
2026-02-28 00:04:37,936 [Worker-3: reload maven project] INFO  o.e.m.c.i.e.AbstractTransferListenerAdapter - Downloading https://repo.maven.apache.org/maven2/org/antlr/antlr4-master/4.10.1/antlr4-master-4.10.1.pom
2026-02-28 00:04:37,937 [Worker-3: reload maven project] INFO  o.e.m.c.i.e.AbstractTransferListenerAdapter - Downloaded https://repo.maven.apache.org/maven2/org/antlr/antlr4-master/4.10.1/antlr4-master-4.10.1.pom
2026-02-28 00:04:38,001 [Worker-3: reload maven project] INFO  o.e.m.c.i.e.AbstractTransferListenerAdapter - Downloading https://repo.maven.apache.org/maven2/org/springframework/data/spring-data-jpa/3.2.0/spring-data-jpa-3.2.0.pom
2026-02-28 00:04:38,003 [Worker-3: reload maven project] INFO  o.e.m.c.i.e.AbstractTransferListenerAdapter - Downloaded https://repo.maven.apache.org/maven2/org/springframework/data/spring-data-jpa/3.2.0/spring-data-jpa-3.2.0.pom
2026-02-28 00:04:38,070 [Worker-3: reload maven project] INFO  o.e.m.c.i.e.AbstractTransferListenerAdapter - Downloading https://repo.maven.apache.org/maven2/org/springframework/data/spring-data-jpa-parent/3.2.0/spring-data-jpa-parent-3.2.0.pom
2026-02-28 00:04:38,073 [Worker-3: reload maven project] INFO  o.e.m.c.i.e.AbstractTransferListenerAdapter - Downloaded https://repo.maven.apache.org/maven2/org/springframework/data/spring-data-jpa-parent/3.2.0/spring-data-jpa-parent-3.2.0.pom
2026-02-28 00:04:38,139 [Worker-3: reload maven project] INFO  o.e.m.c.i.e.AbstractTransferListenerAdapter - Downloading https://repo.maven.apache.org/maven2/org/springframework/data/build/spring-data-parent/3.2.0/spring-data-parent-3.2.0.pom
2026-02-28 00:04:38,142 [Worker-3: reload maven project] INFO  o.e.m.c.i.e.AbstractTransferListenerAdapter - Downloaded https://repo.maven.apache.org/maven2/org/springframework/data/build/spring-data-parent/3.2.0/spring-data-parent-3.2.0.pom
2026-02-28 00:04:38,204 [Worker-3: reload maven project] INFO  o.e.m.c.i.e.AbstractTransferListenerAdapter - Downloading https://repo.maven.apache.org/maven2/org/springframework/data/build/spring-data-build/3.2.0/spring-data-build-3.2.0.pom
2026-02-28 00:04:38,206 [Worker-3: reload maven project] INFO  o.e.m.c.i.e.AbstractTransferListenerAdapter - Downloaded https://repo.maven.apache.org/maven2/org/springframework/data/build/spring-data-build/3.2.0/spring-data-build-3.2.0.pom
2026-02-28 00:04:38,283 [Worker-3: reload maven project] INFO  o.e.m.c.i.e.AbstractTransferListenerAdapter - Downloading https://repo.maven.apache.org/maven2/org/testcontainers/testcontainers-bom/1.19.2/testcontainers-bom-1.19.2.pom
2026-02-28 00:04:38,286 [Worker-3: reload maven project] INFO  o.e.m.c.i.e.AbstractTransferListenerAdapter - Downloaded https://repo.maven.apache.org/maven2/org/testcontainers/testcontainers-bom/1.19.2/testcontainers-bom-1.19.2.pom
2026-02-28 00:04:38,372 [Worker-3: reload maven project] INFO  o.e.m.c.i.e.AbstractTransferListenerAdapter - Downloading https://repo.maven.apache.org/maven2/org/springframework/spring-framework-bom/6.1.0/spring-framework-bom-6.1.0.pom
2026-02-28 00:04:38,373 [Worker-3: reload maven project] INFO  o.e.m.c.i.e.AbstractTransferListenerAdapter - Downloaded https://repo.maven.apache.org/maven2/org/springframework/spring-framework-bom/6.1.0/spring-framework-bom-6.1.0.pom
2026-02-28 00:04:38,452 [Worker-3: reload maven project] INFO  o.e.m.c.i.e.AbstractTransferListenerAdapter - Downloading https://repo.maven.apache.org/maven2/org/springframework/data/spring-data-commons/3.2.0/spring-data-commons-3.2.0.pom
2026-02-28 00:04:38,453 [Worker-3: reload maven project] INFO  o.e.m.c.i.e.AbstractTransferListenerAdapter - Downloaded https://repo.maven.apache.org/maven2/org/springframework/data/spring-data-commons/3.2.0/spring-data-commons-3.2.0.pom
2026-02-28 00:04:38,515 [Worker-3: reload maven project] INFO  o.e.m.c.i.e.AbstractTransferListenerAdapter - Downloading https://repo.maven.apache.org/maven2/org/springframework/spring-orm/6.1.1/spring-orm-6.1.1.pom
2026-02-28 00:04:38,517 [Worker-3: reload maven project] INFO  o.e.m.c.i.e.AbstractTransferListenerAdapter - Downloaded https://repo.maven.apache.org/maven2/org/springframework/spring-orm/6.1.1/spring-orm-6.1.1.pom
2026-02-28 00:04:38,587 [Worker-3: reload maven project] INFO  o.e.m.c.i.e.AbstractTransferListenerAdapter - Downloading https://repo.maven.apache.org/maven2/org/springframework/spring-aspects/6.1.1/spring-aspects-6.1.1.pom
2026-02-28 00:04:38,587 [Worker-3: reload maven project] INFO  o.e.m.c.i.e.AbstractTransferListenerAdapter - Downloaded https://repo.maven.apache.org/maven2/org/springframework/spring-aspects/6.1.1/spring-aspects-6.1.1.pom
2026-02-28 00:04:38,663 [Worker-3: reload maven project] INFO  o.e.m.c.i.e.AbstractTransferListenerAdapter - Downloading https://repo.maven.apache.org/maven2/com/h2database/h2/2.2.224/h2-2.2.224.pom
2026-02-28 00:04:38,664 [Worker-3: reload maven project] INFO  o.e.m.c.i.e.AbstractTransferListenerAdapter - Downloaded https://repo.maven.apache.org/maven2/com/h2database/h2/2.2.224/h2-2.2.224.pom
2026-02-28 00:04:38,754 [Worker-3: reload maven project] INFO  o.e.m.c.i.e.AbstractTransferListenerAdapter - Downloading https://repo.maven.apache.org/maven2/org/springframework/boot/spring-boot-starter-web/3.2.0/spring-boot-starter-web-3.2.0.jar
2026-02-28 00:04:38,755 [Worker-3: reload maven project] INFO  o.e.m.c.i.e.AbstractTransferListenerAdapter - Downloaded https://repo.maven.apache.org/maven2/org/springframework/boot/spring-boot-starter-web/3.2.0/spring-boot-starter-web-3.2.0.jar
2026-02-28 00:04:38,820 [BasicRepositoryConnector-repo.maven.apache.org-0-0] INFO  o.e.m.c.i.e.AbstractTransferListenerAdapter - Downloading https://repo.maven.apache.org/maven2/org/springframework/boot/spring-boot-starter/3.2.0/spring-boot-starter-3.2.0.jar
2026-02-28 00:04:38,821 [BasicRepositoryConnector-repo.maven.apache.org-0-0] INFO  o.e.m.c.i.e.AbstractTransferListenerAdapter - Downloaded https://repo.maven.apache.org/maven2/org/springframework/boot/spring-boot-starter/3.2.0/spring-boot-starter-3.2.0.jar
2026-02-28 00:04:38,895 [BasicRepositoryConnector-repo.maven.apache.org-0-0] INFO  o.e.m.c.i.e.AbstractTransferListenerAdapter - Downloading https://repo.maven.apache.org/maven2/ch/qos/logback/logback-core/1.4.11/logback-core-1.4.11.jar
2026-02-28 00:04:38,956 [BasicRepositoryConnector-repo.maven.apache.org-0-4] INFO  o.e.m.c.i.e.AbstractTransferListenerAdapter - Downloading https://repo.maven.apache.org/maven2/ch/qos/logback/logback-classic/1.4.11/logback-classic-1.4.11.jar
2026-02-28 00:04:38,996 [BasicRepositoryConnector-repo.maven.apache.org-0-1] INFO  o.e.m.c.i.e.AbstractTransferListenerAdapter - Downloading https://repo.maven.apache.org/maven2/org/springframework/boot/spring-boot/3.2.0/spring-boot-3.2.0.jar
2026-02-28 00:04:38,998 [BasicRepositoryConnector-repo.maven.apache.org-0-3] INFO  o.e.m.c.i.e.AbstractTransferListenerAdapter - Downloading https://repo.maven.apache.org/maven2/org/springframework/boot/spring-boot-starter-logging/3.2.0/spring-boot-starter-logging-3.2.0.jar
2026-02-28 00:04:38,999 [BasicRepositoryConnector-repo.maven.apache.org-0-2] INFO  o.e.m.c.i.e.AbstractTransferListenerAdapter - Downloading https://repo.maven.apache.org/maven2/org/springframework/boot/spring-boot-autoconfigure/3.2.0/spring-boot-autoconfigure-3.2.0.jar
2026-02-28 00:04:39,000 [BasicRepositoryConnector-repo.maven.apache.org-0-3] INFO  o.e.m.c.i.e.AbstractTransferListenerAdapter - Downloaded https://repo.maven.apache.org/maven2/org/springframework/boot/spring-boot-starter-logging/3.2.0/spring-boot-starter-logging-3.2.0.jar
2026-02-28 00:04:39,075 [BasicRepositoryConnector-repo.maven.apache.org-0-3] INFO  o.e.m.c.i.e.AbstractTransferListenerAdapter - Downloading https://repo.maven.apache.org/maven2/org/apache/logging/log4j/log4j-to-slf4j/2.21.1/log4j-to-slf4j-2.21.1.jar
2026-02-28 00:04:39,080 [BasicRepositoryConnector-repo.maven.apache.org-0-3] INFO  o.e.m.c.i.e.AbstractTransferListenerAdapter - Downloaded https://repo.maven.apache.org/maven2/org/apache/logging/log4j/log4j-to-slf4j/2.21.1/log4j-to-slf4j-2.21.1.jar
2026-02-28 00:04:39,154 [BasicRepositoryConnector-repo.maven.apache.org-0-3] INFO  o.e.m.c.i.e.AbstractTransferListenerAdapter - Downloading https://repo.maven.apache.org/maven2/org/apache/logging/log4j/log4j-api/2.21.1/log4j-api-2.21.1.jar
2026-02-28 00:04:39,345 [BasicRepositoryConnector-repo.maven.apache.org-0-4] INFO  o.e.m.c.i.e.AbstractTransferListenerAdapter - Downloaded https://repo.maven.apache.org/maven2/ch/qos/logback/logback-classic/1.4.11/logback-classic-1.4.11.jar
2026-02-28 00:04:39,419 [BasicRepositoryConnector-repo.maven.apache.org-0-4] INFO  o.e.m.c.i.e.AbstractTransferListenerAdapter - Downloading https://repo.maven.apache.org/maven2/org/slf4j/jul-to-slf4j/2.0.9/jul-to-slf4j-2.0.9.jar
2026-02-28 00:04:39,420 [BasicRepositoryConnector-repo.maven.apache.org-0-4] INFO  o.e.m.c.i.e.AbstractTransferListenerAdapter - Downloaded https://repo.maven.apache.org/maven2/org/slf4j/jul-to-slf4j/2.0.9/jul-to-slf4j-2.0.9.jar
2026-02-28 00:04:39,559 [BasicRepositoryConnector-repo.maven.apache.org-0-3] INFO  o.e.m.c.i.e.AbstractTransferListenerAdapter - Downloaded https://repo.maven.apache.org/maven2/org/apache/logging/log4j/log4j-api/2.21.1/log4j-api-2.21.1.jar
2026-02-28 00:04:39,596 [BasicRepositoryConnector-repo.maven.apache.org-0-4] INFO  o.e.m.c.i.e.AbstractTransferListenerAdapter - Downloading https://repo.maven.apache.org/maven2/org/springframework/spring-core/6.1.1/spring-core-6.1.1.jar
2026-02-28 00:04:39,858 [BasicRepositoryConnector-repo.maven.apache.org-0-3] INFO  o.e.m.c.i.e.AbstractTransferListenerAdapter - Downloading https://repo.maven.apache.org/maven2/org/springframework/spring-jcl/6.1.1/spring-jcl-6.1.1.jar
2026-02-28 00:04:39,860 [BasicRepositoryConnector-repo.maven.apache.org-0-3] INFO  o.e.m.c.i.e.AbstractTransferListenerAdapter - Downloaded https://repo.maven.apache.org/maven2/org/springframework/spring-jcl/6.1.1/spring-jcl-6.1.1.jar
2026-02-28 00:04:39,930 [BasicRepositoryConnector-repo.maven.apache.org-0-0] INFO  o.e.m.c.i.e.AbstractTransferListenerAdapter - Downloaded https://repo.maven.apache.org/maven2/ch/qos/logback/logback-core/1.4.11/logback-core-1.4.11.jar
2026-02-28 00:04:39,942 [BasicRepositoryConnector-repo.maven.apache.org-0-3] INFO  o.e.m.c.i.e.AbstractTransferListenerAdapter - Downloading https://repo.maven.apache.org/maven2/org/yaml/snakeyaml/2.2/snakeyaml-2.2.jar
2026-02-28 00:04:39,996 [BasicRepositoryConnector-repo.maven.apache.org-0-0] INFO  o.e.m.c.i.e.AbstractTransferListenerAdapter - Downloading https://repo.maven.apache.org/maven2/org/springframework/boot/spring-boot-starter-json/3.2.0/spring-boot-starter-json-3.2.0.jar
2026-02-28 00:04:39,997 [BasicRepositoryConnector-repo.maven.apache.org-0-0] INFO  o.e.m.c.i.e.AbstractTransferListenerAdapter - Downloaded https://repo.maven.apache.org/maven2/org/springframework/boot/spring-boot-starter-json/3.2.0/spring-boot-starter-json-3.2.0.jar
2026-02-28 00:04:40,119 [BasicRepositoryConnector-repo.maven.apache.org-0-0] INFO  o.e.m.c.i.e.AbstractTransferListenerAdapter - Downloading https://repo.maven.apache.org/maven2/com/fasterxml/jackson/core/jackson-databind/2.15.3/jackson-databind-2.15.3.jar
2026-02-28 00:04:40,205 [BasicRepositoryConnector-repo.maven.apache.org-0-3] INFO  o.e.m.c.i.e.AbstractTransferListenerAdapter - Downloaded https://repo.maven.apache.org/maven2/org/yaml/snakeyaml/2.2/snakeyaml-2.2.jar
2026-02-28 00:04:40,314 [BasicRepositoryConnector-repo.maven.apache.org-0-3] INFO  o.e.m.c.i.e.AbstractTransferListenerAdapter - Downloading https://repo.maven.apache.org/maven2/com/fasterxml/jackson/core/jackson-annotations/2.15.3/jackson-annotations-2.15.3.jar
2026-02-28 00:04:40,599 [BasicRepositoryConnector-repo.maven.apache.org-0-3] INFO  o.e.m.c.i.e.AbstractTransferListenerAdapter - Downloaded https://repo.maven.apache.org/maven2/com/fasterxml/jackson/core/jackson-annotations/2.15.3/jackson-annotations-2.15.3.jar
2026-02-28 00:04:40,682 [BasicRepositoryConnector-repo.maven.apache.org-0-3] INFO  o.e.m.c.i.e.AbstractTransferListenerAdapter - Downloading https://repo.maven.apache.org/maven2/com/fasterxml/jackson/core/jackson-core/2.15.3/jackson-core-2.15.3.jar
2026-02-28 00:04:40,700 [BasicRepositoryConnector-repo.maven.apache.org-0-1] INFO  o.e.m.c.i.e.AbstractTransferListenerAdapter - Downloaded https://repo.maven.apache.org/maven2/org/springframework/boot/spring-boot/3.2.0/spring-boot-3.2.0.jar
2026-02-28 00:04:40,835 [BasicRepositoryConnector-repo.maven.apache.org-0-1] INFO  o.e.m.c.i.e.AbstractTransferListenerAdapter - Downloading https://repo.maven.apache.org/maven2/com/fasterxml/jackson/datatype/jackson-datatype-jdk8/2.15.3/jackson-datatype-jdk8-2.15.3.jar
2026-02-28 00:04:40,846 [BasicRepositoryConnector-repo.maven.apache.org-0-1] INFO  o.e.m.c.i.e.AbstractTransferListenerAdapter - Downloaded https://repo.maven.apache.org/maven2/com/fasterxml/jackson/datatype/jackson-datatype-jdk8/2.15.3/jackson-datatype-jdk8-2.15.3.jar
2026-02-28 00:04:40,938 [BasicRepositoryConnector-repo.maven.apache.org-0-1] INFO  o.e.m.c.i.e.AbstractTransferListenerAdapter - Downloading https://repo.maven.apache.org/maven2/com/fasterxml/jackson/datatype/jackson-datatype-jsr310/2.15.3/jackson-datatype-jsr310-2.15.3.jar
2026-02-28 00:04:41,280 [BasicRepositoryConnector-repo.maven.apache.org-0-3] INFO  o.e.m.c.i.e.AbstractTransferListenerAdapter - Downloaded https://repo.maven.apache.org/maven2/com/fasterxml/jackson/core/jackson-core/2.15.3/jackson-core-2.15.3.jar
2026-02-28 00:04:41,358 [BasicRepositoryConnector-repo.maven.apache.org-0-3] INFO  o.e.m.c.i.e.AbstractTransferListenerAdapter - Downloading https://repo.maven.apache.org/maven2/com/fasterxml/jackson/module/jackson-module-parameter-names/2.15.3/jackson-module-parameter-names-2.15.3.jar
2026-02-28 00:04:41,359 [BasicRepositoryConnector-repo.maven.apache.org-0-3] INFO  o.e.m.c.i.e.AbstractTransferListenerAdapter - Downloaded https://repo.maven.apache.org/maven2/com/fasterxml/jackson/module/jackson-module-parameter-names/2.15.3/jackson-module-parameter-names-2.15.3.jar
2026-02-28 00:04:41,390 [main] INFO  o.e.m2e.actions.ExecutePomAction - Creating new launch configuration
2026-02-28 00:04:41,430 [BasicRepositoryConnector-repo.maven.apache.org-0-3] INFO  o.e.m.c.i.e.AbstractTransferListenerAdapter - Downloading https://repo.maven.apache.org/maven2/org/springframework/boot/spring-boot-starter-tomcat/3.2.0/spring-boot-starter-tomcat-3.2.0.jar
2026-02-28 00:04:41,430 [BasicRepositoryConnector-repo.maven.apache.org-0-3] INFO  o.e.m.c.i.e.AbstractTransferListenerAdapter - Downloaded https://repo.maven.apache.org/maven2/org/springframework/boot/spring-boot-starter-tomcat/3.2.0/spring-boot-starter-tomcat-3.2.0.jar
2026-02-28 00:04:41,523 [BasicRepositoryConnector-repo.maven.apache.org-0-3] INFO  o.e.m.c.i.e.AbstractTransferListenerAdapter - Downloading https://repo.maven.apache.org/maven2/org/apache/tomcat/embed/tomcat-embed-core/10.1.16/tomcat-embed-core-10.1.16.jar
2026-02-28 00:04:41,525 [BasicRepositoryConnector-repo.maven.apache.org-0-4] INFO  o.e.m.c.i.e.AbstractTransferListenerAdapter - Downloaded https://repo.maven.apache.org/maven2/org/springframework/spring-core/6.1.1/spring-core-6.1.1.jar
2026-02-28 00:04:41,601 [BasicRepositoryConnector-repo.maven.apache.org-0-1] INFO  o.e.m.c.i.e.AbstractTransferListenerAdapter - Downloaded https://repo.maven.apache.org/maven2/com/fasterxml/jackson/datatype/jackson-datatype-jsr310/2.15.3/jackson-datatype-jsr310-2.15.3.jar
2026-02-28 00:04:41,622 [BasicRepositoryConnector-repo.maven.apache.org-0-4] INFO  o.e.m.c.i.e.AbstractTransferListenerAdapter - Downloading https://repo.maven.apache.org/maven2/org/apache/tomcat/embed/tomcat-embed-el/10.1.16/tomcat-embed-el-10.1.16.jar
2026-02-28 00:04:41,749 [BasicRepositoryConnector-repo.maven.apache.org-0-1] INFO  o.e.m.c.i.e.AbstractTransferListenerAdapter - Downloading https://repo.maven.apache.org/maven2/org/apache/tomcat/embed/tomcat-embed-websocket/10.1.16/tomcat-embed-websocket-10.1.16.jar
2026-02-28 00:04:42,114 [BasicRepositoryConnector-repo.maven.apache.org-0-1] INFO  o.e.m.c.i.e.AbstractTransferListenerAdapter - Downloaded https://repo.maven.apache.org/maven2/org/apache/tomcat/embed/tomcat-embed-websocket/10.1.16/tomcat-embed-websocket-10.1.16.jar
2026-02-28 00:04:42,161 [BasicRepositoryConnector-repo.maven.apache.org-0-0] INFO  o.e.m.c.i.e.AbstractTransferListenerAdapter - Downloaded https://repo.maven.apache.org/maven2/com/fasterxml/jackson/core/jackson-databind/2.15.3/jackson-databind-2.15.3.jar
2026-02-28 00:04:42,195 [BasicRepositoryConnector-repo.maven.apache.org-0-1] INFO  o.e.m.c.i.e.AbstractTransferListenerAdapter - Downloading https://repo.maven.apache.org/maven2/org/springframework/spring-web/6.1.1/spring-web-6.1.1.jar
2026-02-28 00:04:42,310 [BasicRepositoryConnector-repo.maven.apache.org-0-0] INFO  o.e.m.c.i.e.AbstractTransferListenerAdapter - Downloading https://repo.maven.apache.org/maven2/org/springframework/spring-beans/6.1.1/spring-beans-6.1.1.jar
2026-02-28 00:04:42,448 [BasicRepositoryConnector-repo.maven.apache.org-0-4] INFO  o.e.m.c.i.e.AbstractTransferListenerAdapter - Downloaded https://repo.maven.apache.org/maven2/org/apache/tomcat/embed/tomcat-embed-el/10.1.16/tomcat-embed-el-10.1.16.jar
2026-02-28 00:04:42,619 [BasicRepositoryConnector-repo.maven.apache.org-0-4] INFO  o.e.m.c.i.e.AbstractTransferListenerAdapter - Downloading https://repo.maven.apache.org/maven2/io/micrometer/micrometer-observation/1.12.0/micrometer-observation-1.12.0.jar
2026-02-28 00:04:42,697 [BasicRepositoryConnector-repo.maven.apache.org-0-4] INFO  o.e.m.c.i.e.AbstractTransferListenerAdapter - Downloaded https://repo.maven.apache.org/maven2/io/micrometer/micrometer-observation/1.12.0/micrometer-observation-1.12.0.jar
2026-02-28 00:04:42,768 [BasicRepositoryConnector-repo.maven.apache.org-0-4] INFO  o.e.m.c.i.e.AbstractTransferListenerAdapter - Downloading https://repo.maven.apache.org/maven2/io/micrometer/micrometer-commons/1.12.0/micrometer-commons-1.12.0.jar
2026-02-28 00:04:42,835 [BasicRepositoryConnector-repo.maven.apache.org-0-4] INFO  o.e.m.c.i.e.AbstractTransferListenerAdapter - Downloaded https://repo.maven.apache.org/maven2/io/micrometer/micrometer-commons/1.12.0/micrometer-commons-1.12.0.jar
2026-02-28 00:04:42,922 [BasicRepositoryConnector-repo.maven.apache.org-0-4] INFO  o.e.m.c.i.e.AbstractTransferListenerAdapter - Downloading https://repo.maven.apache.org/maven2/org/springframework/spring-webmvc/6.1.1/spring-webmvc-6.1.1.jar
2026-02-28 00:04:43,208 [BasicRepositoryConnector-repo.maven.apache.org-0-0] INFO  o.e.m.c.i.e.AbstractTransferListenerAdapter - Downloaded https://repo.maven.apache.org/maven2/org/springframework/spring-beans/6.1.1/spring-beans-6.1.1.jar
2026-02-28 00:04:43,328 [BasicRepositoryConnector-repo.maven.apache.org-0-0] INFO  o.e.m.c.i.e.AbstractTransferListenerAdapter - Downloading https://repo.maven.apache.org/maven2/org/springframework/spring-aop/6.1.1/spring-aop-6.1.1.jar
2026-02-28 00:04:43,716 [BasicRepositoryConnector-repo.maven.apache.org-0-0] INFO  o.e.m.c.i.e.AbstractTransferListenerAdapter - Downloaded https://repo.maven.apache.org/maven2/org/springframework/spring-aop/6.1.1/spring-aop-6.1.1.jar
2026-02-28 00:04:43,780 [BasicRepositoryConnector-repo.maven.apache.org-0-0] INFO  o.e.m.c.i.e.AbstractTransferListenerAdapter - Downloading https://repo.maven.apache.org/maven2/org/springframework/spring-context/6.1.1/spring-context-6.1.1.jar
2026-02-28 00:04:44,357 [BasicRepositoryConnector-repo.maven.apache.org-0-4] INFO  o.e.m.c.i.e.AbstractTransferListenerAdapter - Downloaded https://repo.maven.apache.org/maven2/org/springframework/spring-webmvc/6.1.1/spring-webmvc-6.1.1.jar
2026-02-28 00:04:44,436 [BasicRepositoryConnector-repo.maven.apache.org-0-4] INFO  o.e.m.c.i.e.AbstractTransferListenerAdapter - Downloading https://repo.maven.apache.org/maven2/org/springframework/spring-expression/6.1.1/spring-expression-6.1.1.jar
2026-02-28 00:04:44,838 [BasicRepositoryConnector-repo.maven.apache.org-0-1] INFO  o.e.m.c.i.e.AbstractTransferListenerAdapter - Downloaded https://repo.maven.apache.org/maven2/org/springframework/spring-web/6.1.1/spring-web-6.1.1.jar
2026-02-28 00:04:44,842 [BasicRepositoryConnector-repo.maven.apache.org-0-4] INFO  o.e.m.c.i.e.AbstractTransferListenerAdapter - Downloaded https://repo.maven.apache.org/maven2/org/springframework/spring-expression/6.1.1/spring-expression-6.1.1.jar
2026-02-28 00:04:44,908 [BasicRepositoryConnector-repo.maven.apache.org-0-1] INFO  o.e.m.c.i.e.AbstractTransferListenerAdapter - Downloading https://repo.maven.apache.org/maven2/org/springframework/boot/spring-boot-starter-data-jpa/3.2.0/spring-boot-starter-data-jpa-3.2.0.jar
2026-02-28 00:04:44,908 [BasicRepositoryConnector-repo.maven.apache.org-0-3] INFO  o.e.m.c.i.e.AbstractTransferListenerAdapter - Downloaded https://repo.maven.apache.org/maven2/org/apache/tomcat/embed/tomcat-embed-core/10.1.16/tomcat-embed-core-10.1.16.jar
2026-02-28 00:04:44,908 [BasicRepositoryConnector-repo.maven.apache.org-0-4] INFO  o.e.m.c.i.e.AbstractTransferListenerAdapter - Downloading https://repo.maven.apache.org/maven2/org/springframework/boot/spring-boot-starter-aop/3.2.0/spring-boot-starter-aop-3.2.0.jar
2026-02-28 00:04:44,909 [BasicRepositoryConnector-repo.maven.apache.org-0-1] INFO  o.e.m.c.i.e.AbstractTransferListenerAdapter - Downloaded https://repo.maven.apache.org/maven2/org/springframework/boot/spring-boot-starter-data-jpa/3.2.0/spring-boot-starter-data-jpa-3.2.0.jar
2026-02-28 00:04:44,910 [BasicRepositoryConnector-repo.maven.apache.org-0-4] INFO  o.e.m.c.i.e.AbstractTransferListenerAdapter - Downloaded https://repo.maven.apache.org/maven2/org/springframework/boot/spring-boot-starter-aop/3.2.0/spring-boot-starter-aop-3.2.0.jar
2026-02-28 00:04:44,982 [BasicRepositoryConnector-repo.maven.apache.org-0-1] INFO  o.e.m.c.i.e.AbstractTransferListenerAdapter - Downloading https://repo.maven.apache.org/maven2/org/springframework/boot/spring-boot-starter-jdbc/3.2.0/spring-boot-starter-jdbc-3.2.0.jar
2026-02-28 00:04:44,983 [BasicRepositoryConnector-repo.maven.apache.org-0-1] INFO  o.e.m.c.i.e.AbstractTransferListenerAdapter - Downloaded https://repo.maven.apache.org/maven2/org/springframework/boot/spring-boot-starter-jdbc/3.2.0/spring-boot-starter-jdbc-3.2.0.jar
2026-02-28 00:04:44,992 [BasicRepositoryConnector-repo.maven.apache.org-0-3] INFO  o.e.m.c.i.e.AbstractTransferListenerAdapter - Downloading https://repo.maven.apache.org/maven2/org/aspectj/aspectjweaver/1.9.20.1/aspectjweaver-1.9.20.1.jar
2026-02-28 00:04:44,995 [BasicRepositoryConnector-repo.maven.apache.org-0-4] INFO  o.e.m.c.i.e.AbstractTransferListenerAdapter - Downloading https://repo.maven.apache.org/maven2/com/zaxxer/HikariCP/5.0.1/HikariCP-5.0.1.jar
2026-02-28 00:04:45,003 [BasicRepositoryConnector-repo.maven.apache.org-0-2] INFO  o.e.m.c.i.e.AbstractTransferListenerAdapter - Downloaded https://repo.maven.apache.org/maven2/org/springframework/boot/spring-boot-autoconfigure/3.2.0/spring-boot-autoconfigure-3.2.0.jar
2026-02-28 00:04:45,068 [BasicRepositoryConnector-repo.maven.apache.org-0-1] INFO  o.e.m.c.i.e.AbstractTransferListenerAdapter - Downloading https://repo.maven.apache.org/maven2/org/springframework/spring-jdbc/6.1.1/spring-jdbc-6.1.1.jar
2026-02-28 00:04:45,161 [BasicRepositoryConnector-repo.maven.apache.org-0-2] INFO  o.e.m.c.i.e.AbstractTransferListenerAdapter - Downloading https://repo.maven.apache.org/maven2/org/hibernate/orm/hibernate-core/6.3.1.Final/hibernate-core-6.3.1.Final.jar
2026-02-28 00:04:45,161 [BasicRepositoryConnector-repo.maven.apache.org-0-4] INFO  o.e.m.c.i.e.AbstractTransferListenerAdapter - Downloaded https://repo.maven.apache.org/maven2/com/zaxxer/HikariCP/5.0.1/HikariCP-5.0.1.jar
2026-02-28 00:04:45,251 [BasicRepositoryConnector-repo.maven.apache.org-0-4] INFO  o.e.m.c.i.e.AbstractTransferListenerAdapter - Downloading https://repo.maven.apache.org/maven2/org/jboss/logging/jboss-logging/3.5.3.Final/jboss-logging-3.5.3.Final.jar
2026-02-28 00:04:45,458 [BasicRepositoryConnector-repo.maven.apache.org-0-4] INFO  o.e.m.c.i.e.AbstractTransferListenerAdapter - Downloaded https://repo.maven.apache.org/maven2/org/jboss/logging/jboss-logging/3.5.3.Final/jboss-logging-3.5.3.Final.jar
2026-02-28 00:04:45,538 [BasicRepositoryConnector-repo.maven.apache.org-0-4] INFO  o.e.m.c.i.e.AbstractTransferListenerAdapter - Downloading https://repo.maven.apache.org/maven2/org/hibernate/common/hibernate-commons-annotations/6.0.6.Final/hibernate-commons-annotations-6.0.6.Final.jar
2026-02-28 00:04:45,650 [BasicRepositoryConnector-repo.maven.apache.org-0-0] INFO  o.e.m.c.i.e.AbstractTransferListenerAdapter - Downloaded https://repo.maven.apache.org/maven2/org/springframework/spring-context/6.1.1/spring-context-6.1.1.jar
2026-02-28 00:04:45,700 [BasicRepositoryConnector-repo.maven.apache.org-0-4] INFO  o.e.m.c.i.e.AbstractTransferListenerAdapter - Downloaded https://repo.maven.apache.org/maven2/org/hibernate/common/hibernate-commons-annotations/6.0.6.Final/hibernate-commons-annotations-6.0.6.Final.jar
2026-02-28 00:04:45,716 [BasicRepositoryConnector-repo.maven.apache.org-0-0] INFO  o.e.m.c.i.e.AbstractTransferListenerAdapter - Downloading https://repo.maven.apache.org/maven2/io/smallrye/jandex/3.1.2/jandex-3.1.2.jar
2026-02-28 00:04:45,785 [BasicRepositoryConnector-repo.maven.apache.org-0-4] INFO  o.e.m.c.i.e.AbstractTransferListenerAdapter - Downloading https://repo.maven.apache.org/maven2/com/fasterxml/classmate/1.6.0/classmate-1.6.0.jar
2026-02-28 00:04:45,797 [BasicRepositoryConnector-repo.maven.apache.org-0-1] INFO  o.e.m.c.i.e.AbstractTransferListenerAdapter - Downloaded https://repo.maven.apache.org/maven2/org/springframework/spring-jdbc/6.1.1/spring-jdbc-6.1.1.jar
2026-02-28 00:04:45,833 [BasicRepositoryConnector-repo.maven.apache.org-0-4] INFO  o.e.m.c.i.e.AbstractTransferListenerAdapter - Downloaded https://repo.maven.apache.org/maven2/com/fasterxml/classmate/1.6.0/classmate-1.6.0.jar
2026-02-28 00:04:45,878 [BasicRepositoryConnector-repo.maven.apache.org-0-1] INFO  o.e.m.c.i.e.AbstractTransferListenerAdapter - Downloading https://repo.maven.apache.org/maven2/net/bytebuddy/byte-buddy/1.14.10/byte-buddy-1.14.10.jar
2026-02-28 00:04:45,921 [BasicRepositoryConnector-repo.maven.apache.org-0-4] INFO  o.e.m.c.i.e.AbstractTransferListenerAdapter - Downloading https://repo.maven.apache.org/maven2/jakarta/xml/bind/jakarta.xml.bind-api/4.0.1/jakarta.xml.bind-api-4.0.1.jar
2026-02-28 00:04:46,134 [BasicRepositoryConnector-repo.maven.apache.org-0-4] INFO  o.e.m.c.i.e.AbstractTransferListenerAdapter - Downloaded https://repo.maven.apache.org/maven2/jakarta/xml/bind/jakarta.xml.bind-api/4.0.1/jakarta.xml.bind-api-4.0.1.jar
2026-02-28 00:04:46,218 [BasicRepositoryConnector-repo.maven.apache.org-0-4] INFO  o.e.m.c.i.e.AbstractTransferListenerAdapter - Downloading https://repo.maven.apache.org/maven2/jakarta/activation/jakarta.activation-api/2.1.2/jakarta.activation-api-2.1.2.jar
2026-02-28 00:04:46,278 [BasicRepositoryConnector-repo.maven.apache.org-0-4] INFO  o.e.m.c.i.e.AbstractTransferListenerAdapter - Downloaded https://repo.maven.apache.org/maven2/jakarta/activation/jakarta.activation-api/2.1.2/jakarta.activation-api-2.1.2.jar
2026-02-28 00:04:46,359 [BasicRepositoryConnector-repo.maven.apache.org-0-0] INFO  o.e.m.c.i.e.AbstractTransferListenerAdapter - Downloaded https://repo.maven.apache.org/maven2/io/smallrye/jandex/3.1.2/jandex-3.1.2.jar
2026-02-28 00:04:46,368 [BasicRepositoryConnector-repo.maven.apache.org-0-4] INFO  o.e.m.c.i.e.AbstractTransferListenerAdapter - Downloading https://repo.maven.apache.org/maven2/org/glassfish/jaxb/jaxb-runtime/4.0.4/jaxb-runtime-4.0.4.jar
2026-02-28 00:04:46,546 [BasicRepositoryConnector-repo.maven.apache.org-0-0] INFO  o.e.m.c.i.e.AbstractTransferListenerAdapter - Downloading https://repo.maven.apache.org/maven2/org/glassfish/jaxb/jaxb-core/4.0.4/jaxb-core-4.0.4.jar
2026-02-28 00:04:46,554 [BasicRepositoryConnector-repo.maven.apache.org-0-0] INFO  o.e.m.c.i.e.AbstractTransferListenerAdapter - Downloaded https://repo.maven.apache.org/maven2/org/glassfish/jaxb/jaxb-core/4.0.4/jaxb-core-4.0.4.jar
2026-02-28 00:04:46,617 [BasicRepositoryConnector-repo.maven.apache.org-0-0] INFO  o.e.m.c.i.e.AbstractTransferListenerAdapter - Downloading https://repo.maven.apache.org/maven2/org/eclipse/angus/angus-activation/2.0.1/angus-activation-2.0.1.jar
2026-02-28 00:04:46,655 [BasicRepositoryConnector-repo.maven.apache.org-0-0] INFO  o.e.m.c.i.e.AbstractTransferListenerAdapter - Downloaded https://repo.maven.apache.org/maven2/org/eclipse/angus/angus-activation/2.0.1/angus-activation-2.0.1.jar
2026-02-28 00:04:46,790 [BasicRepositoryConnector-repo.maven.apache.org-0-0] INFO  o.e.m.c.i.e.AbstractTransferListenerAdapter - Downloading https://repo.maven.apache.org/maven2/org/glassfish/jaxb/txw2/4.0.4/txw2-4.0.4.jar
2026-02-28 00:04:47,266 [BasicRepositoryConnector-repo.maven.apache.org-0-0] INFO  o.e.m.c.i.e.AbstractTransferListenerAdapter - Downloaded https://repo.maven.apache.org/maven2/org/glassfish/jaxb/txw2/4.0.4/txw2-4.0.4.jar
2026-02-28 00:04:47,329 [BasicRepositoryConnector-repo.maven.apache.org-0-3] INFO  o.e.m.c.i.e.AbstractTransferListenerAdapter - Downloaded https://repo.maven.apache.org/maven2/org/aspectj/aspectjweaver/1.9.20.1/aspectjweaver-1.9.20.1.jar
2026-02-28 00:04:47,330 [BasicRepositoryConnector-repo.maven.apache.org-0-0] INFO  o.e.m.c.i.e.AbstractTransferListenerAdapter - Downloading https://repo.maven.apache.org/maven2/org/antlr/antlr4-runtime/4.10.1/antlr4-runtime-4.10.1.jar
2026-02-28 00:04:47,422 [BasicRepositoryConnector-repo.maven.apache.org-0-3] INFO  o.e.m.c.i.e.AbstractTransferListenerAdapter - Downloading https://repo.maven.apache.org/maven2/org/springframework/data/spring-data-jpa/3.2.0/spring-data-jpa-3.2.0.jar
2026-02-28 00:04:47,529 [BasicRepositoryConnector-repo.maven.apache.org-0-4] INFO  o.e.m.c.i.e.AbstractTransferListenerAdapter - Downloaded https://repo.maven.apache.org/maven2/org/glassfish/jaxb/jaxb-runtime/4.0.4/jaxb-runtime-4.0.4.jar
2026-02-28 00:04:47,607 [BasicRepositoryConnector-repo.maven.apache.org-0-4] INFO  o.e.m.c.i.e.AbstractTransferListenerAdapter - Downloading https://repo.maven.apache.org/maven2/org/springframework/data/spring-data-commons/3.2.0/spring-data-commons-3.2.0.jar
2026-02-28 00:04:47,683 [BasicRepositoryConnector-repo.maven.apache.org-0-0] INFO  o.e.m.c.i.e.AbstractTransferListenerAdapter - Downloaded https://repo.maven.apache.org/maven2/org/antlr/antlr4-runtime/4.10.1/antlr4-runtime-4.10.1.jar
2026-02-28 00:04:47,855 [BasicRepositoryConnector-repo.maven.apache.org-0-0] INFO  o.e.m.c.i.e.AbstractTransferListenerAdapter - Downloading https://repo.maven.apache.org/maven2/org/springframework/spring-orm/6.1.1/spring-orm-6.1.1.jar
2026-02-28 00:04:48,442 [BasicRepositoryConnector-repo.maven.apache.org-0-0] INFO  o.e.m.c.i.e.AbstractTransferListenerAdapter - Downloaded https://repo.maven.apache.org/maven2/org/springframework/spring-orm/6.1.1/spring-orm-6.1.1.jar
2026-02-28 00:04:48,520 [BasicRepositoryConnector-repo.maven.apache.org-0-0] INFO  o.e.m.c.i.e.AbstractTransferListenerAdapter - Downloading https://repo.maven.apache.org/maven2/org/springframework/spring-tx/6.1.1/spring-tx-6.1.1.jar
2026-02-28 00:04:48,783 [BasicRepositoryConnector-repo.maven.apache.org-0-0] INFO  o.e.m.c.i.e.AbstractTransferListenerAdapter - Downloaded https://repo.maven.apache.org/maven2/org/springframework/spring-tx/6.1.1/spring-tx-6.1.1.jar
2026-02-28 00:04:48,888 [BasicRepositoryConnector-repo.maven.apache.org-0-3] INFO  o.e.m.c.i.e.AbstractTransferListenerAdapter - Downloaded https://repo.maven.apache.org/maven2/org/springframework/data/spring-data-jpa/3.2.0/spring-data-jpa-3.2.0.jar
2026-02-28 00:04:48,896 [BasicRepositoryConnector-repo.maven.apache.org-0-0] INFO  o.e.m.c.i.e.AbstractTransferListenerAdapter - Downloading https://repo.maven.apache.org/maven2/org/slf4j/slf4j-api/2.0.9/slf4j-api-2.0.9.jar
2026-02-28 00:04:48,975 [BasicRepositoryConnector-repo.maven.apache.org-0-3] INFO  o.e.m.c.i.e.AbstractTransferListenerAdapter - Downloading https://repo.maven.apache.org/maven2/org/springframework/spring-aspects/6.1.1/spring-aspects-6.1.1.jar
2026-02-28 00:04:49,001 [BasicRepositoryConnector-repo.maven.apache.org-0-0] INFO  o.e.m.c.i.e.AbstractTransferListenerAdapter - Downloaded https://repo.maven.apache.org/maven2/org/slf4j/slf4j-api/2.0.9/slf4j-api-2.0.9.jar
2026-02-28 00:04:49,011 [BasicRepositoryConnector-repo.maven.apache.org-0-3] INFO  o.e.m.c.i.e.AbstractTransferListenerAdapter - Downloaded https://repo.maven.apache.org/maven2/org/springframework/spring-aspects/6.1.1/spring-aspects-6.1.1.jar
2026-02-28 00:04:49,092 [BasicRepositoryConnector-repo.maven.apache.org-0-0] INFO  o.e.m.c.i.e.AbstractTransferListenerAdapter - Downloading https://repo.maven.apache.org/maven2/com/h2database/h2/2.2.224/h2-2.2.224.jar
2026-02-28 00:04:49,133 [BasicRepositoryConnector-repo.maven.apache.org-0-4] INFO  o.e.m.c.i.e.AbstractTransferListenerAdapter - Downloaded https://repo.maven.apache.org/maven2/org/springframework/data/spring-data-commons/3.2.0/spring-data-commons-3.2.0.jar
2026-02-28 00:04:50,761 [BasicRepositoryConnector-repo.maven.apache.org-0-1] INFO  o.e.m.c.i.e.AbstractTransferListenerAdapter - Downloaded https://repo.maven.apache.org/maven2/net/bytebuddy/byte-buddy/1.14.10/byte-buddy-1.14.10.jar
2026-02-28 00:04:50,931 [BasicRepositoryConnector-repo.maven.apache.org-0-0] INFO  o.e.m.c.i.e.AbstractTransferListenerAdapter - Downloaded https://repo.maven.apache.org/maven2/com/h2database/h2/2.2.224/h2-2.2.224.jar
2026-02-28 00:04:53,487 [BasicRepositoryConnector-repo.maven.apache.org-0-2] INFO  o.e.m.c.i.e.AbstractTransferListenerAdapter - Downloaded https://repo.maven.apache.org/maven2/org/hibernate/orm/hibernate-core/6.3.1.Final/hibernate-core-6.3.1.Final.jar
2026-02-28 00:04:53,959 [main] INFO  o.e.m.c.i.e.AbstractTransferListenerAdapter - Downloading https://repo.maven.apache.org/maven2/org/springframework/boot/spring-boot-maven-plugin/3.2.0/spring-boot-maven-plugin-3.2.0.pom
2026-02-28 00:04:53,960 [main] INFO  o.e.m.c.i.e.AbstractTransferListenerAdapter - Downloaded https://repo.maven.apache.org/maven2/org/springframework/boot/spring-boot-maven-plugin/3.2.0/spring-boot-maven-plugin-3.2.0.pom
2026-02-28 00:04:54,040 [main] INFO  o.e.m.c.i.e.AbstractTransferListenerAdapter - Downloading https://repo.maven.apache.org/maven2/org/springframework/boot/spring-boot-maven-plugin/3.2.0/spring-boot-maven-plugin-3.2.0.jar
2026-02-28 00:04:54,136 [main] INFO  o.e.m.c.i.e.AbstractTransferListenerAdapter - Downloaded https://repo.maven.apache.org/maven2/org/springframework/boot/spring-boot-maven-plugin/3.2.0/spring-boot-maven-plugin-3.2.0.jar
2026-02-28 00:05:56,780 [Worker-22: Launching TaskTracker] INFO  o.eclipse.m2e.core.internal.Bundles - getClasspathEntries(Bundle=org.eclipse.m2e.maven.runtime_3.9.900.20250220-2013 [294])
2026-02-28 00:05:56,782 [Worker-22: Launching TaskTracker] INFO  o.eclipse.m2e.core.internal.Bundles - 	Entry: /home/manikandan/.p2/pool/plugins/org.eclipse.m2e.maven.runtime_3.9.900.20250220-2013
2026-02-28 00:05:56,783 [Worker-22: Launching TaskTracker] INFO  o.eclipse.m2e.core.internal.Bundles - 	Entry: /home/manikandan/.p2/pool/plugins/org.eclipse.m2e.maven.runtime_3.9.900.20250220-2013/jars/aopalliance-1.0.jar
2026-02-28 00:05:56,783 [Worker-22: Launching TaskTracker] INFO  o.eclipse.m2e.core.internal.Bundles - 	Entry: /home/manikandan/.p2/pool/plugins/org.eclipse.m2e.maven.runtime_3.9.900.20250220-2013/jars/guice-5.1.0.jar
2026-02-28 00:05:56,783 [Worker-22: Launching TaskTracker] INFO  o.eclipse.m2e.core.internal.Bundles - 	Entry: /home/manikandan/.p2/pool/plugins/org.eclipse.m2e.maven.runtime_3.9.900.20250220-2013/jars/httpclient-4.5.14.jar
2026-02-28 00:05:56,783 [Worker-22: Launching TaskTracker] INFO  o.eclipse.m2e.core.internal.Bundles - 	Entry: /home/manikandan/.p2/pool/plugins/org.eclipse.m2e.maven.runtime_3.9.900.20250220-2013/jars/httpcore-4.4.16.jar
2026-02-28 00:05:56,783 [Worker-22: Launching TaskTracker] INFO  o.eclipse.m2e.core.internal.Bundles - 	Entry: /home/manikandan/.p2/pool/plugins/org.eclipse.m2e.maven.runtime_3.9.900.20250220-2013/jars/jansi-2.4.1.jar
2026-02-28 00:05:56,783 [Worker-22: Launching TaskTracker] INFO  o.eclipse.m2e.core.internal.Bundles - 	Entry: /home/manikandan/.p2/pool/plugins/org.eclipse.m2e.maven.runtime_3.9.900.20250220-2013/jars/jcl-over-slf4j-1.7.36.jar
2026-02-28 00:05:56,783 [Worker-22: Launching TaskTracker] INFO  o.eclipse.m2e.core.internal.Bundles - 	Entry: /home/manikandan/.p2/pool/plugins/org.eclipse.m2e.maven.runtime_3.9.900.20250220-2013/jars/maven-artifact-3.9.9.jar
2026-02-28 00:05:56,783 [Worker-22: Launching TaskTracker] INFO  o.eclipse.m2e.core.internal.Bundles - 	Entry: /home/manikandan/.p2/pool/plugins/org.eclipse.m2e.maven.runtime_3.9.900.20250220-2013/jars/maven-builder-support-3.9.9.jar
2026-02-28 00:05:56,783 [Worker-22: Launching TaskTracker] INFO  o.eclipse.m2e.core.internal.Bundles - 	Entry: /home/manikandan/.p2/pool/plugins/org.eclipse.m2e.maven.runtime_3.9.900.20250220-2013/jars/maven-compat-3.9.9.jar
2026-02-28 00:05:56,783 [Worker-22: Launching TaskTracker] INFO  o.eclipse.m2e.core.internal.Bundles - 	Entry: /home/manikandan/.p2/pool/plugins/org.eclipse.m2e.maven.runtime_3.9.900.20250220-2013/jars/maven-core-3.9.9.jar
2026-02-28 00:05:56,783 [Worker-22: Launching TaskTracker] INFO  o.eclipse.m2e.core.internal.Bundles - 	Entry: /home/manikandan/.p2/pool/plugins/org.eclipse.m2e.maven.runtime_3.9.900.20250220-2013/jars/maven-embedder-3.9.9.jar
2026-02-28 00:05:56,783 [Worker-22: Launching TaskTracker] INFO  o.eclipse.m2e.core.internal.Bundles - 	Entry: /home/manikandan/.p2/pool/plugins/org.eclipse.m2e.maven.runtime_3.9.900.20250220-2013/jars/maven-model-3.9.9.jar
2026-02-28 00:05:56,783 [Worker-22: Launching TaskTracker] INFO  o.eclipse.m2e.core.internal.Bundles - 	Entry: /home/manikandan/.p2/pool/plugins/org.eclipse.m2e.maven.runtime_3.9.900.20250220-2013/jars/maven-model-builder-3.9.9.jar
2026-02-28 00:05:56,783 [Worker-22: Launching TaskTracker] INFO  o.eclipse.m2e.core.internal.Bundles - 	Entry: /home/manikandan/.p2/pool/plugins/org.eclipse.m2e.maven.runtime_3.9.900.20250220-2013/jars/maven-plugin-api-3.9.9.jar
2026-02-28 00:05:56,783 [Worker-22: Launching TaskTracker] INFO  o.eclipse.m2e.core.internal.Bundles - 	Entry: /home/manikandan/.p2/pool/plugins/org.eclipse.m2e.maven.runtime_3.9.900.20250220-2013/jars/maven-repository-metadata-3.9.9.jar
2026-02-28 00:05:56,784 [Worker-22: Launching TaskTracker] INFO  o.eclipse.m2e.core.internal.Bundles - 	Entry: /home/manikandan/.p2/pool/plugins/org.eclipse.m2e.maven.runtime_3.9.900.20250220-2013/jars/maven-resolver-api-1.9.22.jar
2026-02-28 00:05:56,784 [Worker-22: Launching TaskTracker] INFO  o.eclipse.m2e.core.internal.Bundles - 	Entry: /home/manikandan/.p2/pool/plugins/org.eclipse.m2e.maven.runtime_3.9.900.20250220-2013/jars/maven-resolver-connector-basic-1.9.22.jar
2026-02-28 00:05:56,784 [Worker-22: Launching TaskTracker] INFO  o.eclipse.m2e.core.internal.Bundles - 	Entry: /home/manikandan/.p2/pool/plugins/org.eclipse.m2e.maven.runtime_3.9.900.20250220-2013/jars/maven-resolver-impl-1.9.22.jar
2026-02-28 00:05:56,784 [Worker-22: Launching TaskTracker] INFO  o.eclipse.m2e.core.internal.Bundles - 	Entry: /home/manikandan/.p2/pool/plugins/org.eclipse.m2e.maven.runtime_3.9.900.20250220-2013/jars/maven-resolver-named-locks-1.9.22.jar
2026-02-28 00:05:56,784 [Worker-22: Launching TaskTracker] INFO  o.eclipse.m2e.core.internal.Bundles - 	Entry: /home/manikandan/.p2/pool/plugins/org.eclipse.m2e.maven.runtime_3.9.900.20250220-2013/jars/maven-resolver-provider-3.9.9.jar
2026-02-28 00:05:56,784 [Worker-22: Launching TaskTracker] INFO  o.eclipse.m2e.core.internal.Bundles - 	Entry: /home/manikandan/.p2/pool/plugins/org.eclipse.m2e.maven.runtime_3.9.900.20250220-2013/jars/maven-resolver-spi-1.9.22.jar
2026-02-28 00:05:56,784 [Worker-22: Launching TaskTracker] INFO  o.eclipse.m2e.core.internal.Bundles - 	Entry: /home/manikandan/.p2/pool/plugins/org.eclipse.m2e.maven.runtime_3.9.900.20250220-2013/jars/maven-resolver-transport-file-1.9.22.jar
2026-02-28 00:05:56,784 [Worker-22: Launching TaskTracker] INFO  o.eclipse.m2e.core.internal.Bundles - 	Entry: /home/manikandan/.p2/pool/plugins/org.eclipse.m2e.maven.runtime_3.9.900.20250220-2013/jars/maven-resolver-transport-http-1.9.22.jar
2026-02-28 00:05:56,784 [Worker-22: Launching TaskTracker] INFO  o.eclipse.m2e.core.internal.Bundles - 	Entry: /home/manikandan/.p2/pool/plugins/org.eclipse.m2e.maven.runtime_3.9.900.20250220-2013/jars/maven-resolver-transport-wagon-1.9.22.jar
2026-02-28 00:05:56,784 [Worker-22: Launching TaskTracker] INFO  o.eclipse.m2e.core.internal.Bundles - 	Entry: /home/manikandan/.p2/pool/plugins/org.eclipse.m2e.maven.runtime_3.9.900.20250220-2013/jars/maven-resolver-util-1.9.22.jar
2026-02-28 00:05:56,784 [Worker-22: Launching TaskTracker] INFO  o.eclipse.m2e.core.internal.Bundles - 	Entry: /home/manikandan/.p2/pool/plugins/org.eclipse.m2e.maven.runtime_3.9.900.20250220-2013/jars/maven-settings-3.9.9.jar
2026-02-28 00:05:56,784 [Worker-22: Launching TaskTracker] INFO  o.eclipse.m2e.core.internal.Bundles - 	Entry: /home/manikandan/.p2/pool/plugins/org.eclipse.m2e.maven.runtime_3.9.900.20250220-2013/jars/maven-settings-builder-3.9.9.jar
2026-02-28 00:05:56,784 [Worker-22: Launching TaskTracker] INFO  o.eclipse.m2e.core.internal.Bundles - 	Entry: /home/manikandan/.p2/pool/plugins/org.eclipse.m2e.maven.runtime_3.9.900.20250220-2013/jars/maven-shared-utils-3.4.2.jar
2026-02-28 00:05:56,784 [Worker-22: Launching TaskTracker] INFO  o.eclipse.m2e.core.internal.Bundles - 	Entry: /home/manikandan/.p2/pool/plugins/org.eclipse.m2e.maven.runtime_3.9.900.20250220-2013/jars/org.eclipse.sisu.inject-0.9.0.M3.jar
2026-02-28 00:05:56,784 [Worker-22: Launching TaskTracker] INFO  o.eclipse.m2e.core.internal.Bundles - 	Entry: /home/manikandan/.p2/pool/plugins/org.eclipse.m2e.maven.runtime_3.9.900.20250220-2013/jars/org.eclipse.sisu.plexus-0.9.0.M3.jar
2026-02-28 00:05:56,784 [Worker-22: Launching TaskTracker] INFO  o.eclipse.m2e.core.internal.Bundles - 	Entry: /home/manikandan/.p2/pool/plugins/org.eclipse.m2e.maven.runtime_3.9.900.20250220-2013/jars/plexus-build-api-0.0.7.jar
2026-02-28 00:05:56,784 [Worker-22: Launching TaskTracker] INFO  o.eclipse.m2e.core.internal.Bundles - 	Entry: /home/manikandan/.p2/pool/plugins/org.eclipse.m2e.maven.runtime_3.9.900.20250220-2013/jars/plexus-build-api-1.2.0.jar
2026-02-28 00:05:56,784 [Worker-22: Launching TaskTracker] INFO  o.eclipse.m2e.core.internal.Bundles - 	Entry: /home/manikandan/.p2/pool/plugins/org.eclipse.m2e.maven.runtime_3.9.900.20250220-2013/jars/plexus-cipher-2.0.jar
2026-02-28 00:05:56,784 [Worker-22: Launching TaskTracker] INFO  o.eclipse.m2e.core.internal.Bundles - 	Entry: /home/manikandan/.p2/pool/plugins/org.eclipse.m2e.maven.runtime_3.9.900.20250220-2013/jars/plexus-classworlds-2.8.0.jar
2026-02-28 00:05:56,784 [Worker-22: Launching TaskTracker] INFO  o.eclipse.m2e.core.internal.Bundles - 	Entry: /home/manikandan/.p2/pool/plugins/org.eclipse.m2e.maven.runtime_3.9.900.20250220-2013/jars/plexus-component-annotations-2.1.0.jar
2026-02-28 00:05:56,784 [Worker-22: Launching TaskTracker] INFO  o.eclipse.m2e.core.internal.Bundles - 	Entry: /home/manikandan/.p2/pool/plugins/org.eclipse.m2e.maven.runtime_3.9.900.20250220-2013/jars/plexus-interpolation-1.27.jar
2026-02-28 00:05:56,784 [Worker-22: Launching TaskTracker] INFO  o.eclipse.m2e.core.internal.Bundles - 	Entry: /home/manikandan/.p2/pool/plugins/org.eclipse.m2e.maven.runtime_3.9.900.20250220-2013/jars/plexus-sec-dispatcher-2.0.jar
2026-02-28 00:05:56,784 [Worker-22: Launching TaskTracker] INFO  o.eclipse.m2e.core.internal.Bundles - 	Entry: /home/manikandan/.p2/pool/plugins/org.eclipse.m2e.maven.runtime_3.9.900.20250220-2013/jars/plexus-utils-3.5.1.jar
2026-02-28 00:05:56,784 [Worker-22: Launching TaskTracker] INFO  o.eclipse.m2e.core.internal.Bundles - 	Entry: /home/manikandan/.p2/pool/plugins/org.eclipse.m2e.maven.runtime_3.9.900.20250220-2013/jars/plexus-xml-3.0.1.jar
2026-02-28 00:05:56,784 [Worker-22: Launching TaskTracker] INFO  o.eclipse.m2e.core.internal.Bundles - 	Entry: /home/manikandan/.p2/pool/plugins/org.eclipse.m2e.maven.runtime_3.9.900.20250220-2013/jars/wagon-file-3.5.3.jar
2026-02-28 00:05:56,784 [Worker-22: Launching TaskTracker] INFO  o.eclipse.m2e.core.internal.Bundles - 	Entry: /home/manikandan/.p2/pool/plugins/org.eclipse.m2e.maven.runtime_3.9.900.20250220-2013/jars/wagon-http-3.5.3.jar
2026-02-28 00:05:56,784 [Worker-22: Launching TaskTracker] INFO  o.eclipse.m2e.core.internal.Bundles - 	Entry: /home/manikandan/.p2/pool/plugins/org.eclipse.m2e.maven.runtime_3.9.900.20250220-2013/jars/wagon-http-shared-3.5.3.jar
2026-02-28 00:05:56,784 [Worker-22: Launching TaskTracker] INFO  o.eclipse.m2e.core.internal.Bundles - 	Entry: /home/manikandan/.p2/pool/plugins/org.eclipse.m2e.maven.runtime_3.9.900.20250220-2013/jars/wagon-provider-api-3.5.3.jar
2026-02-28 00:05:56,785 [Worker-22: Launching TaskTracker] INFO  o.eclipse.m2e.core.internal.Bundles - getClasspathEntries(Bundle=com.google.guava_33.4.8.jre [13])
2026-02-28 00:05:56,785 [Worker-22: Launching TaskTracker] INFO  o.eclipse.m2e.core.internal.Bundles - 	Entry: /home/manikandan/.p2/pool/plugins/com.google.guava_33.4.8.jre.jar
2026-02-28 00:05:56,785 [Worker-22: Launching TaskTracker] INFO  o.eclipse.m2e.core.internal.Bundles - getClasspathEntries(Bundle=slf4j.api_2.0.17 [516])
2026-02-28 00:05:56,785 [Worker-22: Launching TaskTracker] INFO  o.eclipse.m2e.core.internal.Bundles - 	Entry: /home/manikandan/.p2/pool/plugins/slf4j.api_2.0.17.jar
2026-02-28 00:05:56,785 [Worker-22: Launching TaskTracker] INFO  o.eclipse.m2e.core.internal.Bundles - getClasspathEntries(Bundle=jakarta.inject.jakarta.inject-api_1.0.5 [24])
2026-02-28 00:05:56,785 [Worker-22: Launching TaskTracker] INFO  o.eclipse.m2e.core.internal.Bundles - 	Entry: /home/manikandan/.p2/pool/plugins/jakarta.inject.jakarta.inject-api_1.0.5.jar
2026-02-28 00:05:56,785 [Worker-22: Launching TaskTracker] INFO  o.eclipse.m2e.core.internal.Bundles - getClasspathEntries(Bundle=javax.annotation_1.3.5.v20200909-1856 [27])
2026-02-28 00:05:56,785 [Worker-22: Launching TaskTracker] INFO  o.eclipse.m2e.core.internal.Bundles - 	Entry: /home/manikandan/.p2/pool/plugins/javax.annotation_1.3.5.v20200909-1856.jar
2026-02-28 00:05:56,785 [Worker-22: Launching TaskTracker] INFO  o.eclipse.m2e.core.internal.Bundles - getClasspathEntries(Bundle=org.apache.commons.cli_1.9.0 [49])
2026-02-28 00:05:56,785 [Worker-22: Launching TaskTracker] INFO  o.eclipse.m2e.core.internal.Bundles - 	Entry: /home/manikandan/.p2/pool/plugins/org.apache.commons.cli_1.9.0.jar
2026-02-28 00:05:56,785 [Worker-22: Launching TaskTracker] INFO  o.eclipse.m2e.core.internal.Bundles - getClasspathEntries(Bundle=org.apache.commons.commons-codec_1.16.0 [50])
2026-02-28 00:05:56,785 [Worker-22: Launching TaskTracker] INFO  o.eclipse.m2e.core.internal.Bundles - 	Entry: /home/manikandan/.p2/pool/plugins/org.apache.commons.commons-codec_1.16.0.jar
2026-02-28 00:05:56,785 [Worker-22: Launching TaskTracker] INFO  o.eclipse.m2e.core.internal.Bundles - getClasspathEntries(Bundle=com.google.guava.failureaccess_1.0.3 [14])
2026-02-28 00:05:56,785 [Worker-22: Launching TaskTracker] INFO  o.eclipse.m2e.core.internal.Bundles - 	Entry: /home/manikandan/.p2/pool/plugins/com.google.guava.failureaccess_1.0.3.jar
2026-02-28 00:05:56,786 [Worker-22: Launching TaskTracker] INFO  o.e.m.i.launch.MavenLaunchDelegate - Run build in "/home/manikandan/Project Hub/SpringBoot Projects/TaskTracker":
2026-02-28 00:05:56,792 [Worker-22: Launching TaskTracker] INFO  o.e.m.i.launch.MavenLaunchDelegate -  mvn  -B -Dstyle.color=always 
2026-02-28 00:06:04,128 [Worker-13: Launching Executing install in _home_manikandan_Project Hub_SpringBoot Projects_TaskTracker] INFO  o.eclipse.m2e.core.internal.Bundles - getClasspathEntries(Bundle=org.eclipse.m2e.maven.runtime_3.9.900.20250220-2013 [294])
2026-02-28 00:06:04,128 [Worker-13: Launching Executing install in _home_manikandan_Project Hub_SpringBoot Projects_TaskTracker] INFO  o.eclipse.m2e.core.internal.Bundles - 	Entry: /home/manikandan/.p2/pool/plugins/org.eclipse.m2e.maven.runtime_3.9.900.20250220-2013
2026-02-28 00:06:04,128 [Worker-13: Launching Executing install in _home_manikandan_Project Hub_SpringBoot Projects_TaskTracker] INFO  o.eclipse.m2e.core.internal.Bundles - 	Entry: /home/manikandan/.p2/pool/plugins/org.eclipse.m2e.maven.runtime_3.9.900.20250220-2013/jars/aopalliance-1.0.jar
2026-02-28 00:06:04,128 [Worker-13: Launching Executing install in _home_manikandan_Project Hub_SpringBoot Projects_TaskTracker] INFO  o.eclipse.m2e.core.internal.Bundles - 	Entry: /home/manikandan/.p2/pool/plugins/org.eclipse.m2e.maven.runtime_3.9.900.20250220-2013/jars/guice-5.1.0.jar
2026-02-28 00:06:04,128 [Worker-13: Launching Executing install in _home_manikandan_Project Hub_SpringBoot Projects_TaskTracker] INFO  o.eclipse.m2e.core.internal.Bundles - 	Entry: /home/manikandan/.p2/pool/plugins/org.eclipse.m2e.maven.runtime_3.9.900.20250220-2013/jars/httpclient-4.5.14.jar
2026-02-28 00:06:04,128 [Worker-13: Launching Executing install in _home_manikandan_Project Hub_SpringBoot Projects_TaskTracker] INFO  o.eclipse.m2e.core.internal.Bundles - 	Entry: /home/manikandan/.p2/pool/plugins/org.eclipse.m2e.maven.runtime_3.9.900.20250220-2013/jars/httpcore-4.4.16.jar
2026-02-28 00:06:04,128 [Worker-13: Launching Executing install in _home_manikandan_Project Hub_SpringBoot Projects_TaskTracker] INFO  o.eclipse.m2e.core.internal.Bundles - 	Entry: /home/manikandan/.p2/pool/plugins/org.eclipse.m2e.maven.runtime_3.9.900.20250220-2013/jars/jansi-2.4.1.jar
2026-02-28 00:06:04,128 [Worker-13: Launching Executing install in _home_manikandan_Project Hub_SpringBoot Projects_TaskTracker] INFO  o.eclipse.m2e.core.internal.Bundles - 	Entry: /home/manikandan/.p2/pool/plugins/org.eclipse.m2e.maven.runtime_3.9.900.20250220-2013/jars/jcl-over-slf4j-1.7.36.jar
2026-02-28 00:06:04,128 [Worker-13: Launching Executing install in _home_manikandan_Project Hub_SpringBoot Projects_TaskTracker] INFO  o.eclipse.m2e.core.internal.Bundles - 	Entry: /home/manikandan/.p2/pool/plugins/org.eclipse.m2e.maven.runtime_3.9.900.20250220-2013/jars/maven-artifact-3.9.9.jar
2026-02-28 00:06:04,129 [Worker-13: Launching Executing install in _home_manikandan_Project Hub_SpringBoot Projects_TaskTracker] INFO  o.eclipse.m2e.core.internal.Bundles - 	Entry: /home/manikandan/.p2/pool/plugins/org.eclipse.m2e.maven.runtime_3.9.900.20250220-2013/jars/maven-builder-support-3.9.9.jar
2026-02-28 00:06:04,129 [Worker-13: Launching Executing install in _home_manikandan_Project Hub_SpringBoot Projects_TaskTracker] INFO  o.eclipse.m2e.core.internal.Bundles - 	Entry: /home/manikandan/.p2/pool/plugins/org.eclipse.m2e.maven.runtime_3.9.900.20250220-2013/jars/maven-compat-3.9.9.jar
2026-02-28 00:06:04,129 [Worker-13: Launching Executing install in _home_manikandan_Project Hub_SpringBoot Projects_TaskTracker] INFO  o.eclipse.m2e.core.internal.Bundles - 	Entry: /home/manikandan/.p2/pool/plugins/org.eclipse.m2e.maven.runtime_3.9.900.20250220-2013/jars/maven-core-3.9.9.jar
2026-02-28 00:06:04,129 [Worker-13: Launching Executing install in _home_manikandan_Project Hub_SpringBoot Projects_TaskTracker] INFO  o.eclipse.m2e.core.internal.Bundles - 	Entry: /home/manikandan/.p2/pool/plugins/org.eclipse.m2e.maven.runtime_3.9.900.20250220-2013/jars/maven-embedder-3.9.9.jar
2026-02-28 00:06:04,129 [Worker-13: Launching Executing install in _home_manikandan_Project Hub_SpringBoot Projects_TaskTracker] INFO  o.eclipse.m2e.core.internal.Bundles - 	Entry: /home/manikandan/.p2/pool/plugins/org.eclipse.m2e.maven.runtime_3.9.900.20250220-2013/jars/maven-model-3.9.9.jar
2026-02-28 00:06:04,129 [Worker-13: Launching Executing install in _home_manikandan_Project Hub_SpringBoot Projects_TaskTracker] INFO  o.eclipse.m2e.core.internal.Bundles - 	Entry: /home/manikandan/.p2/pool/plugins/org.eclipse.m2e.maven.runtime_3.9.900.20250220-2013/jars/maven-model-builder-3.9.9.jar
2026-02-28 00:06:04,129 [Worker-13: Launching Executing install in _home_manikandan_Project Hub_SpringBoot Projects_TaskTracker] INFO  o.eclipse.m2e.core.internal.Bundles - 	Entry: /home/manikandan/.p2/pool/plugins/org.eclipse.m2e.maven.runtime_3.9.900.20250220-2013/jars/maven-plugin-api-3.9.9.jar
2026-02-28 00:06:04,129 [Worker-13: Launching Executing install in _home_manikandan_Project Hub_SpringBoot Projects_TaskTracker] INFO  o.eclipse.m2e.core.internal.Bundles - 	Entry: /home/manikandan/.p2/pool/plugins/org.eclipse.m2e.maven.runtime_3.9.900.20250220-2013/jars/maven-repository-metadata-3.9.9.jar
2026-02-28 00:06:04,129 [Worker-13: Launching Executing install in _home_manikandan_Project Hub_SpringBoot Projects_TaskTracker] INFO  o.eclipse.m2e.core.internal.Bundles - 	Entry: /home/manikandan/.p2/pool/plugins/org.eclipse.m2e.maven.runtime_3.9.900.20250220-2013/jars/maven-resolver-api-1.9.22.jar
2026-02-28 00:06:04,129 [Worker-13: Launching Executing install in _home_manikandan_Project Hub_SpringBoot Projects_TaskTracker] INFO  o.eclipse.m2e.core.internal.Bundles - 	Entry: /home/manikandan/.p2/pool/plugins/org.eclipse.m2e.maven.runtime_3.9.900.20250220-2013/jars/maven-resolver-connector-basic-1.9.22.jar
2026-02-28 00:06:04,129 [Worker-13: Launching Executing install in _home_manikandan_Project Hub_SpringBoot Projects_TaskTracker] INFO  o.eclipse.m2e.core.internal.Bundles - 	Entry: /home/manikandan/.p2/pool/plugins/org.eclipse.m2e.maven.runtime_3.9.900.20250220-2013/jars/maven-resolver-impl-1.9.22.jar
2026-02-28 00:06:04,129 [Worker-13: Launching Executing install in _home_manikandan_Project Hub_SpringBoot Projects_TaskTracker] INFO  o.eclipse.m2e.core.internal.Bundles - 	Entry: /home/manikandan/.p2/pool/plugins/org.eclipse.m2e.maven.runtime_3.9.900.20250220-2013/jars/maven-resolver-named-locks-1.9.22.jar
2026-02-28 00:06:04,129 [Worker-13: Launching Executing install in _home_manikandan_Project Hub_SpringBoot Projects_TaskTracker] INFO  o.eclipse.m2e.core.internal.Bundles - 	Entry: /home/manikandan/.p2/pool/plugins/org.eclipse.m2e.maven.runtime_3.9.900.20250220-2013/jars/maven-resolver-provider-3.9.9.jar
2026-02-28 00:06:04,129 [Worker-13: Launching Executing install in _home_manikandan_Project Hub_SpringBoot Projects_TaskTracker] INFO  o.eclipse.m2e.core.internal.Bundles - 	Entry: /home/manikandan/.p2/pool/plugins/org.eclipse.m2e.maven.runtime_3.9.900.20250220-2013/jars/maven-resolver-spi-1.9.22.jar
2026-02-28 00:06:04,129 [Worker-13: Launching Executing install in _home_manikandan_Project Hub_SpringBoot Projects_TaskTracker] INFO  o.eclipse.m2e.core.internal.Bundles - 	Entry: /home/manikandan/.p2/pool/plugins/org.eclipse.m2e.maven.runtime_3.9.900.20250220-2013/jars/maven-resolver-transport-file-1.9.22.jar
2026-02-28 00:06:04,129 [Worker-13: Launching Executing install in _home_manikandan_Project Hub_SpringBoot Projects_TaskTracker] INFO  o.eclipse.m2e.core.internal.Bundles - 	Entry: /home/manikandan/.p2/pool/plugins/org.eclipse.m2e.maven.runtime_3.9.900.20250220-2013/jars/maven-resolver-transport-http-1.9.22.jar
2026-02-28 00:06:04,129 [Worker-13: Launching Executing install in _home_manikandan_Project Hub_SpringBoot Projects_TaskTracker] INFO  o.eclipse.m2e.core.internal.Bundles - 	Entry: /home/manikandan/.p2/pool/plugins/org.eclipse.m2e.maven.runtime_3.9.900.20250220-2013/jars/maven-resolver-transport-wagon-1.9.22.jar
2026-02-28 00:06:04,129 [Worker-13: Launching Executing install in _home_manikandan_Project Hub_SpringBoot Projects_TaskTracker] INFO  o.eclipse.m2e.core.internal.Bundles - 	Entry: /home/manikandan/.p2/pool/plugins/org.eclipse.m2e.maven.runtime_3.9.900.20250220-2013/jars/maven-resolver-util-1.9.22.jar
2026-02-28 00:06:04,129 [Worker-13: Launching Executing install in _home_manikandan_Project Hub_SpringBoot Projects_TaskTracker] INFO  o.eclipse.m2e.core.internal.Bundles - 	Entry: /home/manikandan/.p2/pool/plugins/org.eclipse.m2e.maven.runtime_3.9.900.20250220-2013/jars/maven-settings-3.9.9.jar
2026-02-28 00:06:04,129 [Worker-13: Launching Executing install in _home_manikandan_Project Hub_SpringBoot Projects_TaskTracker] INFO  o.eclipse.m2e.core.internal.Bundles - 	Entry: /home/manikandan/.p2/pool/plugins/org.eclipse.m2e.maven.runtime_3.9.900.20250220-2013/jars/maven-settings-builder-3.9.9.jar
2026-02-28 00:06:04,129 [Worker-13: Launching Executing install in _home_manikandan_Project Hub_SpringBoot Projects_TaskTracker] INFO  o.eclipse.m2e.core.internal.Bundles - 	Entry: /home/manikandan/.p2/pool/plugins/org.eclipse.m2e.maven.runtime_3.9.900.20250220-2013/jars/maven-shared-utils-3.4.2.jar
2026-02-28 00:06:04,129 [Worker-13: Launching Executing install in _home_manikandan_Project Hub_SpringBoot Projects_TaskTracker] INFO  o.eclipse.m2e.core.internal.Bundles - 	Entry: /home/manikandan/.p2/pool/plugins/org.eclipse.m2e.maven.runtime_3.9.900.20250220-2013/jars/org.eclipse.sisu.inject-0.9.0.M3.jar
2026-02-28 00:06:04,129 [Worker-13: Launching Executing install in _home_manikandan_Project Hub_SpringBoot Projects_TaskTracker] INFO  o.eclipse.m2e.core.internal.Bundles - 	Entry: /home/manikandan/.p2/pool/plugins/org.eclipse.m2e.maven.runtime_3.9.900.20250220-2013/jars/org.eclipse.sisu.plexus-0.9.0.M3.jar
2026-02-28 00:06:04,129 [Worker-13: Launching Executing install in _home_manikandan_Project Hub_SpringBoot Projects_TaskTracker] INFO  o.eclipse.m2e.core.internal.Bundles - 	Entry: /home/manikandan/.p2/pool/plugins/org.eclipse.m2e.maven.runtime_3.9.900.20250220-2013/jars/plexus-build-api-0.0.7.jar
2026-02-28 00:06:04,129 [Worker-13: Launching Executing install in _home_manikandan_Project Hub_SpringBoot Projects_TaskTracker] INFO  o.eclipse.m2e.core.internal.Bundles - 	Entry: /home/manikandan/.p2/pool/plugins/org.eclipse.m2e.maven.runtime_3.9.900.20250220-2013/jars/plexus-build-api-1.2.0.jar
2026-02-28 00:06:04,129 [Worker-13: Launching Executing install in _home_manikandan_Project Hub_SpringBoot Projects_TaskTracker] INFO  o.eclipse.m2e.core.internal.Bundles - 	Entry: /home/manikandan/.p2/pool/plugins/org.eclipse.m2e.maven.runtime_3.9.900.20250220-2013/jars/plexus-cipher-2.0.jar
2026-02-28 00:06:04,129 [Worker-13: Launching Executing install in _home_manikandan_Project Hub_SpringBoot Projects_TaskTracker] INFO  o.eclipse.m2e.core.internal.Bundles - 	Entry: /home/manikandan/.p2/pool/plugins/org.eclipse.m2e.maven.runtime_3.9.900.20250220-2013/jars/plexus-classworlds-2.8.0.jar
2026-02-28 00:06:04,129 [Worker-13: Launching Executing install in _home_manikandan_Project Hub_SpringBoot Projects_TaskTracker] INFO  o.eclipse.m2e.core.internal.Bundles - 	Entry: /home/manikandan/.p2/pool/plugins/org.eclipse.m2e.maven.runtime_3.9.900.20250220-2013/jars/plexus-component-annotations-2.1.0.jar
2026-02-28 00:06:04,129 [Worker-13: Launching Executing install in _home_manikandan_Project Hub_SpringBoot Projects_TaskTracker] INFO  o.eclipse.m2e.core.internal.Bundles - 	Entry: /home/manikandan/.p2/pool/plugins/org.eclipse.m2e.maven.runtime_3.9.900.20250220-2013/jars/plexus-interpolation-1.27.jar
2026-02-28 00:06:04,129 [Worker-13: Launching Executing install in _home_manikandan_Project Hub_SpringBoot Projects_TaskTracker] INFO  o.eclipse.m2e.core.internal.Bundles - 	Entry: /home/manikandan/.p2/pool/plugins/org.eclipse.m2e.maven.runtime_3.9.900.20250220-2013/jars/plexus-sec-dispatcher-2.0.jar
2026-02-28 00:06:04,130 [Worker-13: Launching Executing install in _home_manikandan_Project Hub_SpringBoot Projects_TaskTracker] INFO  o.eclipse.m2e.core.internal.Bundles - 	Entry: /home/manikandan/.p2/pool/plugins/org.eclipse.m2e.maven.runtime_3.9.900.20250220-2013/jars/plexus-utils-3.5.1.jar
2026-02-28 00:06:04,130 [Worker-13: Launching Executing install in _home_manikandan_Project Hub_SpringBoot Projects_TaskTracker] INFO  o.eclipse.m2e.core.internal.Bundles - 	Entry: /home/manikandan/.p2/pool/plugins/org.eclipse.m2e.maven.runtime_3.9.900.20250220-2013/jars/plexus-xml-3.0.1.jar
2026-02-28 00:06:04,130 [Worker-13: Launching Executing install in _home_manikandan_Project Hub_SpringBoot Projects_TaskTracker] INFO  o.eclipse.m2e.core.internal.Bundles - 	Entry: /home/manikandan/.p2/pool/plugins/org.eclipse.m2e.maven.runtime_3.9.900.20250220-2013/jars/wagon-file-3.5.3.jar
2026-02-28 00:06:04,130 [Worker-13: Launching Executing install in _home_manikandan_Project Hub_SpringBoot Projects_TaskTracker] INFO  o.eclipse.m2e.core.internal.Bundles - 	Entry: /home/manikandan/.p2/pool/plugins/org.eclipse.m2e.maven.runtime_3.9.900.20250220-2013/jars/wagon-http-3.5.3.jar
2026-02-28 00:06:04,130 [Worker-13: Launching Executing install in _home_manikandan_Project Hub_SpringBoot Projects_TaskTracker] INFO  o.eclipse.m2e.core.internal.Bundles - 	Entry: /home/manikandan/.p2/pool/plugins/org.eclipse.m2e.maven.runtime_3.9.900.20250220-2013/jars/wagon-http-shared-3.5.3.jar
2026-02-28 00:06:04,130 [Worker-13: Launching Executing install in _home_manikandan_Project Hub_SpringBoot Projects_TaskTracker] INFO  o.eclipse.m2e.core.internal.Bundles - 	Entry: /home/manikandan/.p2/pool/plugins/org.eclipse.m2e.maven.runtime_3.9.900.20250220-2013/jars/wagon-provider-api-3.5.3.jar
2026-02-28 00:06:04,130 [Worker-13: Launching Executing install in _home_manikandan_Project Hub_SpringBoot Projects_TaskTracker] INFO  o.eclipse.m2e.core.internal.Bundles - getClasspathEntries(Bundle=com.google.guava_33.4.8.jre [13])
2026-02-28 00:06:04,130 [Worker-13: Launching Executing install in _home_manikandan_Project Hub_SpringBoot Projects_TaskTracker] INFO  o.eclipse.m2e.core.internal.Bundles - 	Entry: /home/manikandan/.p2/pool/plugins/com.google.guava_33.4.8.jre.jar
2026-02-28 00:06:04,130 [Worker-13: Launching Executing install in _home_manikandan_Project Hub_SpringBoot Projects_TaskTracker] INFO  o.eclipse.m2e.core.internal.Bundles - getClasspathEntries(Bundle=slf4j.api_2.0.17 [516])
2026-02-28 00:06:04,130 [Worker-13: Launching Executing install in _home_manikandan_Project Hub_SpringBoot Projects_TaskTracker] INFO  o.eclipse.m2e.core.internal.Bundles - 	Entry: /home/manikandan/.p2/pool/plugins/slf4j.api_2.0.17.jar
2026-02-28 00:06:04,130 [Worker-13: Launching Executing install in _home_manikandan_Project Hub_SpringBoot Projects_TaskTracker] INFO  o.eclipse.m2e.core.internal.Bundles - getClasspathEntries(Bundle=jakarta.inject.jakarta.inject-api_1.0.5 [24])
2026-02-28 00:06:04,130 [Worker-13: Launching Executing install in _home_manikandan_Project Hub_SpringBoot Projects_TaskTracker] INFO  o.eclipse.m2e.core.internal.Bundles - 	Entry: /home/manikandan/.p2/pool/plugins/jakarta.inject.jakarta.inject-api_1.0.5.jar
2026-02-28 00:06:04,130 [Worker-13: Launching Executing install in _home_manikandan_Project Hub_SpringBoot Projects_TaskTracker] INFO  o.eclipse.m2e.core.internal.Bundles - getClasspathEntries(Bundle=javax.annotation_1.3.5.v20200909-1856 [27])
2026-02-28 00:06:04,130 [Worker-13: Launching Executing install in _home_manikandan_Project Hub_SpringBoot Projects_TaskTracker] INFO  o.eclipse.m2e.core.internal.Bundles - 	Entry: /home/manikandan/.p2/pool/plugins/javax.annotation_1.3.5.v20200909-1856.jar
2026-02-28 00:06:04,130 [Worker-13: Launching Executing install in _home_manikandan_Project Hub_SpringBoot Projects_TaskTracker] INFO  o.eclipse.m2e.core.internal.Bundles - getClasspathEntries(Bundle=org.apache.commons.cli_1.9.0 [49])
2026-02-28 00:06:04,130 [Worker-13: Launching Executing install in _home_manikandan_Project Hub_SpringBoot Projects_TaskTracker] INFO  o.eclipse.m2e.core.internal.Bundles - 	Entry: /home/manikandan/.p2/pool/plugins/org.apache.commons.cli_1.9.0.jar
2026-02-28 00:06:04,130 [Worker-13: Launching Executing install in _home_manikandan_Project Hub_SpringBoot Projects_TaskTracker] INFO  o.eclipse.m2e.core.internal.Bundles - getClasspathEntries(Bundle=org.apache.commons.commons-codec_1.16.0 [50])
2026-02-28 00:06:04,130 [Worker-13: Launching Executing install in _home_manikandan_Project Hub_SpringBoot Projects_TaskTracker] INFO  o.eclipse.m2e.core.internal.Bundles - 	Entry: /home/manikandan/.p2/pool/plugins/org.apache.commons.commons-codec_1.16.0.jar
2026-02-28 00:06:04,130 [Worker-13: Launching Executing install in _home_manikandan_Project Hub_SpringBoot Projects_TaskTracker] INFO  o.eclipse.m2e.core.internal.Bundles - getClasspathEntries(Bundle=com.google.guava.failureaccess_1.0.3 [14])
2026-02-28 00:06:04,130 [Worker-13: Launching Executing install in _home_manikandan_Project Hub_SpringBoot Projects_TaskTracker] INFO  o.eclipse.m2e.core.internal.Bundles - 	Entry: /home/manikandan/.p2/pool/plugins/com.google.guava.failureaccess_1.0.3.jar
2026-02-28 00:06:04,131 [Worker-13: Launching Executing install in _home_manikandan_Project Hub_SpringBoot Projects_TaskTracker] INFO  o.e.m.i.launch.MavenLaunchDelegate - Run build in "/home/manikandan/Project Hub/SpringBoot Projects/TaskTracker":
2026-02-28 00:06:04,131 [Worker-13: Launching Executing install in _home_manikandan_Project Hub_SpringBoot Projects_TaskTracker] INFO  o.e.m.i.launch.MavenLaunchDelegate -  mvn  -B -Dstyle.color=always install
2026-02-28 00:12:43,152 [Worker-15: Importing Maven projects] ERROR o.e.m.c.i.p.ProjectConfigurationManager - Project TaskTracker already exists
2026-02-28 00:12:43,157 [Worker-15: Importing Maven projects] INFO  o.e.m.c.i.p.ProjectConfigurationManager - Imported and configured 1 project(s) in 0 sec
2026-02-28 00:15:52,233 [Worker-14: Importing Maven projects] ERROR o.e.m.c.i.p.ProjectConfigurationManager - Project TaskTracker already exists
2026-02-28 00:15:52,234 [Worker-14: Importing Maven projects] INFO  o.e.m.c.i.p.ProjectConfigurationManager - Imported and configured 1 project(s) in 0 sec
2026-03-02 17:21:48,073 [Worker-2: Loading available Gradle versions] INFO  o.e.b.c.i.u.g.PublishedGradleVersions - Gradle version information cache is out-of-date. Trying to update.
2026-03-02 17:26:28,378 [ModalContext] INFO  o.e.m.c.i.e.AbstractTransferListenerAdapter - Downloading https://repo.maven.apache.org/maven2/org/apache/maven/archetypes/maven-archetype-quickstart/1.1/maven-archetype-quickstart-1.1.pom
2026-03-02 17:26:28,391 [ModalContext] INFO  o.e.m.c.i.e.AbstractTransferListenerAdapter - Downloaded https://repo.maven.apache.org/maven2/org/apache/maven/archetypes/maven-archetype-quickstart/1.1/maven-archetype-quickstart-1.1.pom
2026-03-02 17:26:28,463 [ModalContext] INFO  o.e.m.c.i.e.AbstractTransferListenerAdapter - Downloading https://repo.maven.apache.org/maven2/org/apache/maven/archetypes/maven-archetype-bundles/4/maven-archetype-bundles-4.pom
2026-03-02 17:26:28,465 [ModalContext] INFO  o.e.m.c.i.e.AbstractTransferListenerAdapter - Downloaded https://repo.maven.apache.org/maven2/org/apache/maven/archetypes/maven-archetype-bundles/4/maven-archetype-bundles-4.pom
2026-03-02 17:26:28,557 [ModalContext] INFO  o.e.m.c.i.e.AbstractTransferListenerAdapter - Downloading https://repo.maven.apache.org/maven2/org/apache/maven/archetype/maven-archetype/2.0-alpha-5/maven-archetype-2.0-alpha-5.pom
2026-03-02 17:26:28,561 [ModalContext] INFO  o.e.m.c.i.e.AbstractTransferListenerAdapter - Downloaded https://repo.maven.apache.org/maven2/org/apache/maven/archetype/maven-archetype/2.0-alpha-5/maven-archetype-2.0-alpha-5.pom
2026-03-02 17:26:28,648 [ModalContext] INFO  o.e.m.c.i.e.AbstractTransferListenerAdapter - Downloading https://repo.maven.apache.org/maven2/org/apache/maven/archetypes/maven-archetype-quickstart/1.1/maven-archetype-quickstart-1.1.jar
2026-03-02 17:26:28,656 [ModalContext] INFO  o.e.m.c.i.e.AbstractTransferListenerAdapter - Downloaded https://repo.maven.apache.org/maven2/org/apache/maven/archetypes/maven-archetype-quickstart/1.1/maven-archetype-quickstart-1.1.jar
2026-03-02 17:26:46,034 [Worker-32: Importing Maven projects] INFO  o.e.m.c.i.e.AbstractTransferListenerAdapter - Downloading https://repo.maven.apache.org/maven2/org/springframework/boot/spring-boot-starter-parent/4.0.3/spring-boot-starter-parent-4.0.3.pom
2026-03-02 17:26:46,037 [Worker-32: Importing Maven projects] INFO  o.e.m.c.i.e.AbstractTransferListenerAdapter - Downloaded https://repo.maven.apache.org/maven2/org/springframework/boot/spring-boot-starter-parent/4.0.3/spring-boot-starter-parent-4.0.3.pom
2026-03-02 17:26:46,108 [Worker-32: Importing Maven projects] INFO  o.e.m.c.i.e.AbstractTransferListenerAdapter - Downloading https://repo.maven.apache.org/maven2/org/springframework/boot/spring-boot-dependencies/4.0.3/spring-boot-dependencies-4.0.3.pom
2026-03-02 17:26:46,118 [Worker-32: Importing Maven projects] INFO  o.e.m.c.i.e.AbstractTransferListenerAdapter - Downloaded https://repo.maven.apache.org/maven2/org/springframework/boot/spring-boot-dependencies/4.0.3/spring-boot-dependencies-4.0.3.pom
2026-03-02 17:26:46,197 [Worker-32: Importing Maven projects] INFO  o.e.m.c.i.e.AbstractTransferListenerAdapter - Downloading https://repo.maven.apache.org/maven2/org/assertj/assertj-bom/3.27.7/assertj-bom-3.27.7.pom
2026-03-02 17:26:46,198 [Worker-32: Importing Maven projects] INFO  o.e.m.c.i.e.AbstractTransferListenerAdapter - Downloaded https://repo.maven.apache.org/maven2/org/assertj/assertj-bom/3.27.7/assertj-bom-3.27.7.pom
2026-03-02 17:26:46,257 [Worker-32: Importing Maven projects] INFO  o.e.m.c.i.e.AbstractTransferListenerAdapter - Downloading https://repo.maven.apache.org/maven2/org/apache/groovy/groovy-bom/5.0.4/groovy-bom-5.0.4.pom
2026-03-02 17:26:46,259 [Worker-32: Importing Maven projects] INFO  o.e.m.c.i.e.AbstractTransferListenerAdapter - Downloaded https://repo.maven.apache.org/maven2/org/apache/groovy/groovy-bom/5.0.4/groovy-bom-5.0.4.pom
2026-03-02 17:26:46,329 [Worker-32: Importing Maven projects] INFO  o.e.m.c.i.e.AbstractTransferListenerAdapter - Downloading https://repo.maven.apache.org/maven2/com/fasterxml/jackson/jackson-bom/2.20.2/jackson-bom-2.20.2.pom
2026-03-02 17:26:46,333 [Worker-32: Importing Maven projects] INFO  o.e.m.c.i.e.AbstractTransferListenerAdapter - Downloaded https://repo.maven.apache.org/maven2/com/fasterxml/jackson/jackson-bom/2.20.2/jackson-bom-2.20.2.pom
2026-03-02 17:26:46,403 [Worker-32: Importing Maven projects] INFO  o.e.m.c.i.e.AbstractTransferListenerAdapter - Downloading https://repo.maven.apache.org/maven2/tools/jackson/jackson-bom/3.0.4/jackson-bom-3.0.4.pom
2026-03-02 17:26:46,406 [Worker-32: Importing Maven projects] INFO  o.e.m.c.i.e.AbstractTransferListenerAdapter - Downloaded https://repo.maven.apache.org/maven2/tools/jackson/jackson-bom/3.0.4/jackson-bom-3.0.4.pom
2026-03-02 17:26:46,473 [Worker-32: Importing Maven projects] INFO  o.e.m.c.i.e.AbstractTransferListenerAdapter - Downloading https://repo.maven.apache.org/maven2/org/glassfish/jersey/jersey-bom/4.0.2/jersey-bom-4.0.2.pom
2026-03-02 17:26:46,476 [Worker-32: Importing Maven projects] INFO  o.e.m.c.i.e.AbstractTransferListenerAdapter - Downloaded https://repo.maven.apache.org/maven2/org/glassfish/jersey/jersey-bom/4.0.2/jersey-bom-4.0.2.pom
2026-03-02 17:26:46,554 [Worker-32: Importing Maven projects] INFO  o.e.m.c.i.e.AbstractTransferListenerAdapter - Downloading https://repo.maven.apache.org/maven2/org/eclipse/jetty/ee11/jetty-ee11-bom/12.1.6/jetty-ee11-bom-12.1.6.pom
2026-03-02 17:26:46,558 [Worker-32: Importing Maven projects] INFO  o.e.m.c.i.e.AbstractTransferListenerAdapter - Downloaded https://repo.maven.apache.org/maven2/org/eclipse/jetty/ee11/jetty-ee11-bom/12.1.6/jetty-ee11-bom-12.1.6.pom
2026-03-02 17:26:46,622 [Worker-32: Importing Maven projects] INFO  o.e.m.c.i.e.AbstractTransferListenerAdapter - Downloading https://repo.maven.apache.org/maven2/org/eclipse/jetty/jetty-bom/12.1.6/jetty-bom-12.1.6.pom
2026-03-02 17:26:46,625 [Worker-32: Importing Maven projects] INFO  o.e.m.c.i.e.AbstractTransferListenerAdapter - Downloaded https://repo.maven.apache.org/maven2/org/eclipse/jetty/jetty-bom/12.1.6/jetty-bom-12.1.6.pom
2026-03-02 17:26:46,724 [Worker-32: Importing Maven projects] INFO  o.e.m.c.i.e.AbstractTransferListenerAdapter - Downloading https://repo.maven.apache.org/maven2/org/jooq/jooq-bom/3.19.30/jooq-bom-3.19.30.pom
2026-03-02 17:26:46,727 [Worker-32: Importing Maven projects] INFO  o.e.m.c.i.e.AbstractTransferListenerAdapter - Downloaded https://repo.maven.apache.org/maven2/org/jooq/jooq-bom/3.19.30/jooq-bom-3.19.30.pom
2026-03-02 17:26:46,809 [Worker-32: Importing Maven projects] INFO  o.e.m.c.i.e.AbstractTransferListenerAdapter - Downloading https://repo.maven.apache.org/maven2/org/junit/junit-bom/6.0.3/junit-bom-6.0.3.pom
2026-03-02 17:26:46,811 [Worker-32: Importing Maven projects] INFO  o.e.m.c.i.e.AbstractTransferListenerAdapter - Downloaded https://repo.maven.apache.org/maven2/org/junit/junit-bom/6.0.3/junit-bom-6.0.3.pom
2026-03-02 17:26:46,910 [Worker-32: Importing Maven projects] INFO  o.e.m.c.i.e.AbstractTransferListenerAdapter - Downloading https://repo.maven.apache.org/maven2/org/apache/logging/log4j/log4j-bom/2.25.3/log4j-bom-2.25.3.pom
2026-03-02 17:26:46,912 [Worker-32: Importing Maven projects] INFO  o.e.m.c.i.e.AbstractTransferListenerAdapter - Downloaded https://repo.maven.apache.org/maven2/org/apache/logging/log4j/log4j-bom/2.25.3/log4j-bom-2.25.3.pom
2026-03-02 17:26:46,993 [Worker-32: Importing Maven projects] INFO  o.e.m.c.i.e.AbstractTransferListenerAdapter - Downloading https://repo.maven.apache.org/maven2/io/micrometer/micrometer-bom/1.16.3/micrometer-bom-1.16.3.pom
2026-03-02 17:26:46,996 [Worker-32: Importing Maven projects] INFO  o.e.m.c.i.e.AbstractTransferListenerAdapter - Downloaded https://repo.maven.apache.org/maven2/io/micrometer/micrometer-bom/1.16.3/micrometer-bom-1.16.3.pom
2026-03-02 17:26:47,083 [Worker-32: Importing Maven projects] INFO  o.e.m.c.i.e.AbstractTransferListenerAdapter - Downloading https://repo.maven.apache.org/maven2/io/micrometer/micrometer-tracing-bom/1.6.3/micrometer-tracing-bom-1.6.3.pom
2026-03-02 17:26:47,086 [Worker-32: Importing Maven projects] INFO  o.e.m.c.i.e.AbstractTransferListenerAdapter - Downloaded https://repo.maven.apache.org/maven2/io/micrometer/micrometer-tracing-bom/1.6.3/micrometer-tracing-bom-1.6.3.pom
2026-03-02 17:26:47,147 [Worker-32: Importing Maven projects] INFO  o.e.m.c.i.e.AbstractTransferListenerAdapter - Downloading https://repo.maven.apache.org/maven2/org/mongodb/mongodb-driver-bom/5.6.3/mongodb-driver-bom-5.6.3.pom
2026-03-02 17:26:47,150 [Worker-32: Importing Maven projects] INFO  o.e.m.c.i.e.AbstractTransferListenerAdapter - Downloaded https://repo.maven.apache.org/maven2/org/mongodb/mongodb-driver-bom/5.6.3/mongodb-driver-bom-5.6.3.pom
2026-03-02 17:26:47,224 [Worker-32: Importing Maven projects] INFO  o.e.m.c.i.e.AbstractTransferListenerAdapter - Downloading https://repo.maven.apache.org/maven2/io/netty/netty-bom/4.2.10.Final/netty-bom-4.2.10.Final.pom
2026-03-02 17:26:47,227 [Worker-32: Importing Maven projects] INFO  o.e.m.c.i.e.AbstractTransferListenerAdapter - Downloaded https://repo.maven.apache.org/maven2/io/netty/netty-bom/4.2.10.Final/netty-bom-4.2.10.Final.pom
2026-03-02 17:26:47,302 [Worker-32: Importing Maven projects] INFO  o.e.m.c.i.e.AbstractTransferListenerAdapter - Downloading https://repo.maven.apache.org/maven2/org/apache/pulsar/pulsar-bom/4.1.2/pulsar-bom-4.1.2.pom
2026-03-02 17:26:47,305 [Worker-32: Importing Maven projects] INFO  o.e.m.c.i.e.AbstractTransferListenerAdapter - Downloaded https://repo.maven.apache.org/maven2/org/apache/pulsar/pulsar-bom/4.1.2/pulsar-bom-4.1.2.pom
2026-03-02 17:26:47,402 [Worker-32: Importing Maven projects] INFO  o.e.m.c.i.e.AbstractTransferListenerAdapter - Downloading https://repo.maven.apache.org/maven2/io/projectreactor/reactor-bom/2025.0.3/reactor-bom-2025.0.3.pom
2026-03-02 17:26:47,403 [Worker-32: Importing Maven projects] INFO  o.e.m.c.i.e.AbstractTransferListenerAdapter - Downloaded https://repo.maven.apache.org/maven2/io/projectreactor/reactor-bom/2025.0.3/reactor-bom-2025.0.3.pom
2026-03-02 17:26:47,482 [Worker-32: Importing Maven projects] INFO  o.e.m.c.i.e.AbstractTransferListenerAdapter - Downloading https://repo.maven.apache.org/maven2/org/springframework/amqp/spring-amqp-bom/4.0.2/spring-amqp-bom-4.0.2.pom
2026-03-02 17:26:47,484 [Worker-32: Importing Maven projects] INFO  o.e.m.c.i.e.AbstractTransferListenerAdapter - Downloaded https://repo.maven.apache.org/maven2/org/springframework/amqp/spring-amqp-bom/4.0.2/spring-amqp-bom-4.0.2.pom
2026-03-02 17:26:47,542 [Worker-32: Importing Maven projects] INFO  o.e.m.c.i.e.AbstractTransferListenerAdapter - Downloading https://repo.maven.apache.org/maven2/org/springframework/batch/spring-batch-bom/6.0.2/spring-batch-bom-6.0.2.pom
2026-03-02 17:26:47,544 [Worker-32: Importing Maven projects] INFO  o.e.m.c.i.e.AbstractTransferListenerAdapter - Downloaded https://repo.maven.apache.org/maven2/org/springframework/batch/spring-batch-bom/6.0.2/spring-batch-bom-6.0.2.pom
2026-03-02 17:26:47,603 [Worker-32: Importing Maven projects] INFO  o.e.m.c.i.e.AbstractTransferListenerAdapter - Downloading https://repo.maven.apache.org/maven2/org/springframework/data/spring-data-bom/2025.1.3/spring-data-bom-2025.1.3.pom
2026-03-02 17:26:47,605 [Worker-32: Importing Maven projects] INFO  o.e.m.c.i.e.AbstractTransferListenerAdapter - Downloaded https://repo.maven.apache.org/maven2/org/springframework/data/spring-data-bom/2025.1.3/spring-data-bom-2025.1.3.pom
2026-03-02 17:26:47,682 [Worker-32: Importing Maven projects] INFO  o.e.m.c.i.e.AbstractTransferListenerAdapter - Downloading https://repo.maven.apache.org/maven2/org/springframework/spring-framework-bom/7.0.5/spring-framework-bom-7.0.5.pom
2026-03-02 17:26:47,685 [Worker-32: Importing Maven projects] INFO  o.e.m.c.i.e.AbstractTransferListenerAdapter - Downloaded https://repo.maven.apache.org/maven2/org/springframework/spring-framework-bom/7.0.5/spring-framework-bom-7.0.5.pom
2026-03-02 17:26:47,773 [Worker-32: Importing Maven projects] INFO  o.e.m.c.i.e.AbstractTransferListenerAdapter - Downloading https://repo.maven.apache.org/maven2/org/springframework/integration/spring-integration-bom/7.0.3/spring-integration-bom-7.0.3.pom
2026-03-02 17:26:47,775 [Worker-32: Importing Maven projects] INFO  o.e.m.c.i.e.AbstractTransferListenerAdapter - Downloaded https://repo.maven.apache.org/maven2/org/springframework/integration/spring-integration-bom/7.0.3/spring-integration-bom-7.0.3.pom
2026-03-02 17:26:47,837 [Worker-32: Importing Maven projects] INFO  o.e.m.c.i.e.AbstractTransferListenerAdapter - Downloading https://repo.maven.apache.org/maven2/org/springframework/pulsar/spring-pulsar-bom/2.0.3/spring-pulsar-bom-2.0.3.pom
2026-03-02 17:26:47,840 [Worker-32: Importing Maven projects] INFO  o.e.m.c.i.e.AbstractTransferListenerAdapter - Downloaded https://repo.maven.apache.org/maven2/org/springframework/pulsar/spring-pulsar-bom/2.0.3/spring-pulsar-bom-2.0.3.pom
2026-03-02 17:26:47,906 [Worker-32: Importing Maven projects] INFO  o.e.m.c.i.e.AbstractTransferListenerAdapter - Downloading https://repo.maven.apache.org/maven2/org/springframework/security/spring-security-bom/7.0.3/spring-security-bom-7.0.3.pom
2026-03-02 17:26:47,908 [Worker-32: Importing Maven projects] INFO  o.e.m.c.i.e.AbstractTransferListenerAdapter - Downloaded https://repo.maven.apache.org/maven2/org/springframework/security/spring-security-bom/7.0.3/spring-security-bom-7.0.3.pom
2026-03-02 17:26:47,992 [Worker-32: Importing Maven projects] INFO  o.e.m.c.i.e.AbstractTransferListenerAdapter - Downloading https://repo.maven.apache.org/maven2/org/springframework/session/spring-session-bom/4.0.2/spring-session-bom-4.0.2.pom
2026-03-02 17:26:47,994 [Worker-32: Importing Maven projects] INFO  o.e.m.c.i.e.AbstractTransferListenerAdapter - Downloaded https://repo.maven.apache.org/maven2/org/springframework/session/spring-session-bom/4.0.2/spring-session-bom-4.0.2.pom
2026-03-02 17:26:48,057 [Worker-32: Importing Maven projects] INFO  o.e.m.c.i.e.AbstractTransferListenerAdapter - Downloading https://repo.maven.apache.org/maven2/org/testcontainers/testcontainers-bom/2.0.3/testcontainers-bom-2.0.3.pom
2026-03-02 17:26:48,058 [Worker-32: Importing Maven projects] INFO  o.e.m.c.i.e.AbstractTransferListenerAdapter - Downloaded https://repo.maven.apache.org/maven2/org/testcontainers/testcontainers-bom/2.0.3/testcontainers-bom-2.0.3.pom
2026-03-02 17:26:48,243 [Worker-32: Importing Maven projects] INFO  o.e.m.c.i.e.AbstractTransferListenerAdapter - Downloading https://repo.maven.apache.org/maven2/org/springframework/boot/spring-boot-maven-plugin/4.0.3/spring-boot-maven-plugin-4.0.3.pom
2026-03-02 17:26:48,246 [Worker-32: Importing Maven projects] INFO  o.e.m.c.i.e.AbstractTransferListenerAdapter - Downloaded https://repo.maven.apache.org/maven2/org/springframework/boot/spring-boot-maven-plugin/4.0.3/spring-boot-maven-plugin-4.0.3.pom
2026-03-02 17:26:48,367 [Worker-32: Importing Maven projects] INFO  o.e.m.c.i.e.AbstractTransferListenerAdapter - Downloading https://repo.maven.apache.org/maven2/org/springframework/boot/spring-boot-maven-plugin/4.0.3/spring-boot-maven-plugin-4.0.3.jar
2026-03-02 17:26:48,426 [Worker-32: Importing Maven projects] INFO  o.e.m.c.i.e.AbstractTransferListenerAdapter - Downloaded https://repo.maven.apache.org/maven2/org/springframework/boot/spring-boot-maven-plugin/4.0.3/spring-boot-maven-plugin-4.0.3.jar
2026-03-02 17:26:48,629 [Worker-32: Importing Maven projects] INFO  o.e.m.c.i.l.LifecycleMappingFactory - Using org.eclipse.m2e.jdt.JarLifecycleMapping lifecycle mapping for MavenProject: com.example:student-api:0.0.1-SNAPSHOT @ /home/manikandan/Project Hub/SpringBoot Projects/student-api/pom.xml.
2026-03-02 17:26:48,716 [Worker-32: Importing Maven projects] INFO  o.e.m.c.i.e.AbstractTransferListenerAdapter - Downloading https://repo.maven.apache.org/maven2/org/springframework/boot/spring-boot-starter-webmvc/4.0.3/spring-boot-starter-webmvc-4.0.3.pom
2026-03-02 17:26:48,717 [Worker-32: Importing Maven projects] INFO  o.e.m.c.i.e.AbstractTransferListenerAdapter - Downloaded https://repo.maven.apache.org/maven2/org/springframework/boot/spring-boot-starter-webmvc/4.0.3/spring-boot-starter-webmvc-4.0.3.pom
2026-03-02 17:26:48,782 [Worker-32: Importing Maven projects] INFO  o.e.m.c.i.e.AbstractTransferListenerAdapter - Downloading https://repo.maven.apache.org/maven2/org/springframework/boot/spring-boot-starter/4.0.3/spring-boot-starter-4.0.3.pom
2026-03-02 17:26:48,784 [Worker-32: Importing Maven projects] INFO  o.e.m.c.i.e.AbstractTransferListenerAdapter - Downloaded https://repo.maven.apache.org/maven2/org/springframework/boot/spring-boot-starter/4.0.3/spring-boot-starter-4.0.3.pom
2026-03-02 17:26:48,859 [Worker-32: Importing Maven projects] INFO  o.e.m.c.i.e.AbstractTransferListenerAdapter - Downloading https://repo.maven.apache.org/maven2/org/springframework/boot/spring-boot-starter-logging/4.0.3/spring-boot-starter-logging-4.0.3.pom
2026-03-02 17:26:48,861 [Worker-32: Importing Maven projects] INFO  o.e.m.c.i.e.AbstractTransferListenerAdapter - Downloaded https://repo.maven.apache.org/maven2/org/springframework/boot/spring-boot-starter-logging/4.0.3/spring-boot-starter-logging-4.0.3.pom
2026-03-02 17:26:48,921 [Worker-32: Importing Maven projects] INFO  o.e.m.c.i.e.AbstractTransferListenerAdapter - Downloading https://repo.maven.apache.org/maven2/ch/qos/logback/logback-classic/1.5.32/logback-classic-1.5.32.pom
2026-03-02 17:26:48,924 [Worker-32: Importing Maven projects] INFO  o.e.m.c.i.e.AbstractTransferListenerAdapter - Downloaded https://repo.maven.apache.org/maven2/ch/qos/logback/logback-classic/1.5.32/logback-classic-1.5.32.pom
2026-03-02 17:26:49,007 [Worker-32: Importing Maven projects] INFO  o.e.m.c.i.e.AbstractTransferListenerAdapter - Downloading https://repo.maven.apache.org/maven2/ch/qos/logback/logback-parent/1.5.32/logback-parent-1.5.32.pom
2026-03-02 17:26:49,010 [Worker-32: Importing Maven projects] INFO  o.e.m.c.i.e.AbstractTransferListenerAdapter - Downloaded https://repo.maven.apache.org/maven2/ch/qos/logback/logback-parent/1.5.32/logback-parent-1.5.32.pom
2026-03-02 17:26:49,088 [Worker-32: Importing Maven projects] INFO  o.e.m.c.i.e.AbstractTransferListenerAdapter - Downloading https://repo.maven.apache.org/maven2/ch/qos/logback/logback-core/1.5.32/logback-core-1.5.32.pom
2026-03-02 17:26:49,090 [Worker-32: Importing Maven projects] INFO  o.e.m.c.i.e.AbstractTransferListenerAdapter - Downloaded https://repo.maven.apache.org/maven2/ch/qos/logback/logback-core/1.5.32/logback-core-1.5.32.pom
2026-03-02 17:26:49,161 [Worker-32: Importing Maven projects] INFO  o.e.m.c.i.e.AbstractTransferListenerAdapter - Downloading https://repo.maven.apache.org/maven2/org/apache/logging/log4j/log4j-to-slf4j/2.25.3/log4j-to-slf4j-2.25.3.pom
2026-03-02 17:26:49,162 [Worker-32: Importing Maven projects] INFO  o.e.m.c.i.e.AbstractTransferListenerAdapter - Downloaded https://repo.maven.apache.org/maven2/org/apache/logging/log4j/log4j-to-slf4j/2.25.3/log4j-to-slf4j-2.25.3.pom
2026-03-02 17:26:49,232 [Worker-32: Importing Maven projects] INFO  o.e.m.c.i.e.AbstractTransferListenerAdapter - Downloading https://repo.maven.apache.org/maven2/org/apache/logging/log4j/log4j/2.25.3/log4j-2.25.3.pom
2026-03-02 17:26:49,235 [Worker-32: Importing Maven projects] INFO  o.e.m.c.i.e.AbstractTransferListenerAdapter - Downloaded https://repo.maven.apache.org/maven2/org/apache/logging/log4j/log4j/2.25.3/log4j-2.25.3.pom
2026-03-02 17:26:49,316 [Worker-32: Importing Maven projects] INFO  o.e.m.c.i.e.AbstractTransferListenerAdapter - Downloading https://repo.maven.apache.org/maven2/org/apache/logging/log4j/log4j-api/2.25.3/log4j-api-2.25.3.pom
2026-03-02 17:26:49,318 [Worker-32: Importing Maven projects] INFO  o.e.m.c.i.e.AbstractTransferListenerAdapter - Downloaded https://repo.maven.apache.org/maven2/org/apache/logging/log4j/log4j-api/2.25.3/log4j-api-2.25.3.pom
2026-03-02 17:26:49,372 [Worker-32: Importing Maven projects] INFO  o.e.m.c.i.e.AbstractTransferListenerAdapter - Downloading https://repo.maven.apache.org/maven2/org/springframework/boot/spring-boot-autoconfigure/4.0.3/spring-boot-autoconfigure-4.0.3.pom
2026-03-02 17:26:49,375 [Worker-32: Importing Maven projects] INFO  o.e.m.c.i.e.AbstractTransferListenerAdapter - Downloaded https://repo.maven.apache.org/maven2/org/springframework/boot/spring-boot-autoconfigure/4.0.3/spring-boot-autoconfigure-4.0.3.pom
2026-03-02 17:26:49,441 [Worker-32: Importing Maven projects] INFO  o.e.m.c.i.e.AbstractTransferListenerAdapter - Downloading https://repo.maven.apache.org/maven2/org/springframework/boot/spring-boot/4.0.3/spring-boot-4.0.3.pom
2026-03-02 17:26:49,442 [Worker-32: Importing Maven projects] INFO  o.e.m.c.i.e.AbstractTransferListenerAdapter - Downloaded https://repo.maven.apache.org/maven2/org/springframework/boot/spring-boot/4.0.3/spring-boot-4.0.3.pom
2026-03-02 17:26:49,497 [Worker-32: Importing Maven projects] INFO  o.e.m.c.i.e.AbstractTransferListenerAdapter - Downloading https://repo.maven.apache.org/maven2/org/springframework/spring-core/7.0.5/spring-core-7.0.5.pom
2026-03-02 17:26:49,499 [Worker-32: Importing Maven projects] INFO  o.e.m.c.i.e.AbstractTransferListenerAdapter - Downloaded https://repo.maven.apache.org/maven2/org/springframework/spring-core/7.0.5/spring-core-7.0.5.pom
2026-03-02 17:26:49,581 [Worker-32: Importing Maven projects] INFO  o.e.m.c.i.e.AbstractTransferListenerAdapter - Downloading https://repo.maven.apache.org/maven2/org/springframework/spring-context/7.0.5/spring-context-7.0.5.pom
2026-03-02 17:26:49,584 [Worker-32: Importing Maven projects] INFO  o.e.m.c.i.e.AbstractTransferListenerAdapter - Downloaded https://repo.maven.apache.org/maven2/org/springframework/spring-context/7.0.5/spring-context-7.0.5.pom
2026-03-02 17:26:49,662 [Worker-32: Importing Maven projects] INFO  o.e.m.c.i.e.AbstractTransferListenerAdapter - Downloading https://repo.maven.apache.org/maven2/org/springframework/spring-aop/7.0.5/spring-aop-7.0.5.pom
2026-03-02 17:26:49,665 [Worker-32: Importing Maven projects] INFO  o.e.m.c.i.e.AbstractTransferListenerAdapter - Downloaded https://repo.maven.apache.org/maven2/org/springframework/spring-aop/7.0.5/spring-aop-7.0.5.pom
2026-03-02 17:26:49,733 [Worker-32: Importing Maven projects] INFO  o.e.m.c.i.e.AbstractTransferListenerAdapter - Downloading https://repo.maven.apache.org/maven2/org/springframework/spring-beans/7.0.5/spring-beans-7.0.5.pom
2026-03-02 17:26:49,734 [Worker-32: Importing Maven projects] INFO  o.e.m.c.i.e.AbstractTransferListenerAdapter - Downloaded https://repo.maven.apache.org/maven2/org/springframework/spring-beans/7.0.5/spring-beans-7.0.5.pom
2026-03-02 17:26:49,808 [Worker-32: Importing Maven projects] INFO  o.e.m.c.i.e.AbstractTransferListenerAdapter - Downloading https://repo.maven.apache.org/maven2/org/springframework/spring-expression/7.0.5/spring-expression-7.0.5.pom
2026-03-02 17:26:49,810 [Worker-32: Importing Maven projects] INFO  o.e.m.c.i.e.AbstractTransferListenerAdapter - Downloaded https://repo.maven.apache.org/maven2/org/springframework/spring-expression/7.0.5/spring-expression-7.0.5.pom
2026-03-02 17:26:49,868 [Worker-32: Importing Maven projects] INFO  o.e.m.c.i.e.AbstractTransferListenerAdapter - Downloading https://repo.maven.apache.org/maven2/io/micrometer/micrometer-observation/1.16.3/micrometer-observation-1.16.3.pom
2026-03-02 17:26:49,886 [Worker-32: Importing Maven projects] INFO  o.e.m.c.i.e.AbstractTransferListenerAdapter - Downloaded https://repo.maven.apache.org/maven2/io/micrometer/micrometer-observation/1.16.3/micrometer-observation-1.16.3.pom
2026-03-02 17:26:49,948 [Worker-32: Importing Maven projects] INFO  o.e.m.c.i.e.AbstractTransferListenerAdapter - Downloading https://repo.maven.apache.org/maven2/io/micrometer/micrometer-commons/1.16.3/micrometer-commons-1.16.3.pom
2026-03-02 17:26:49,950 [Worker-32: Importing Maven projects] INFO  o.e.m.c.i.e.AbstractTransferListenerAdapter - Downloaded https://repo.maven.apache.org/maven2/io/micrometer/micrometer-commons/1.16.3/micrometer-commons-1.16.3.pom
2026-03-02 17:26:50,022 [Worker-32: Importing Maven projects] INFO  o.e.m.c.i.e.AbstractTransferListenerAdapter - Downloading https://repo.maven.apache.org/maven2/org/springframework/boot/spring-boot-starter-jackson/4.0.3/spring-boot-starter-jackson-4.0.3.pom
2026-03-02 17:26:50,025 [Worker-32: Importing Maven projects] INFO  o.e.m.c.i.e.AbstractTransferListenerAdapter - Downloaded https://repo.maven.apache.org/maven2/org/springframework/boot/spring-boot-starter-jackson/4.0.3/spring-boot-starter-jackson-4.0.3.pom
2026-03-02 17:26:50,098 [Worker-32: Importing Maven projects] INFO  o.e.m.c.i.e.AbstractTransferListenerAdapter - Downloading https://repo.maven.apache.org/maven2/org/springframework/boot/spring-boot-jackson/4.0.3/spring-boot-jackson-4.0.3.pom
2026-03-02 17:26:50,099 [Worker-32: Importing Maven projects] INFO  o.e.m.c.i.e.AbstractTransferListenerAdapter - Downloaded https://repo.maven.apache.org/maven2/org/springframework/boot/spring-boot-jackson/4.0.3/spring-boot-jackson-4.0.3.pom
2026-03-02 17:26:50,171 [Worker-32: Importing Maven projects] INFO  o.e.m.c.i.e.AbstractTransferListenerAdapter - Downloading https://repo.maven.apache.org/maven2/tools/jackson/core/jackson-databind/3.0.4/jackson-databind-3.0.4.pom
2026-03-02 17:26:50,172 [Worker-32: Importing Maven projects] INFO  o.e.m.c.i.e.AbstractTransferListenerAdapter - Downloaded https://repo.maven.apache.org/maven2/tools/jackson/core/jackson-databind/3.0.4/jackson-databind-3.0.4.pom
2026-03-02 17:26:50,232 [Worker-32: Importing Maven projects] INFO  o.e.m.c.i.e.AbstractTransferListenerAdapter - Downloading https://repo.maven.apache.org/maven2/tools/jackson/jackson-base/3.0.4/jackson-base-3.0.4.pom
2026-03-02 17:26:50,235 [Worker-32: Importing Maven projects] INFO  o.e.m.c.i.e.AbstractTransferListenerAdapter - Downloaded https://repo.maven.apache.org/maven2/tools/jackson/jackson-base/3.0.4/jackson-base-3.0.4.pom
2026-03-02 17:26:50,311 [Worker-32: Importing Maven projects] INFO  o.e.m.c.i.e.AbstractTransferListenerAdapter - Downloading https://repo.maven.apache.org/maven2/tools/jackson/core/jackson-core/3.0.4/jackson-core-3.0.4.pom
2026-03-02 17:26:50,312 [Worker-32: Importing Maven projects] INFO  o.e.m.c.i.e.AbstractTransferListenerAdapter - Downloaded https://repo.maven.apache.org/maven2/tools/jackson/core/jackson-core/3.0.4/jackson-core-3.0.4.pom
2026-03-02 17:26:50,381 [Worker-32: Importing Maven projects] INFO  o.e.m.c.i.e.AbstractTransferListenerAdapter - Downloading https://repo.maven.apache.org/maven2/org/springframework/boot/spring-boot-starter-tomcat/4.0.3/spring-boot-starter-tomcat-4.0.3.pom
2026-03-02 17:26:50,382 [Worker-32: Importing Maven projects] INFO  o.e.m.c.i.e.AbstractTransferListenerAdapter - Downloaded https://repo.maven.apache.org/maven2/org/springframework/boot/spring-boot-starter-tomcat/4.0.3/spring-boot-starter-tomcat-4.0.3.pom
2026-03-02 17:26:50,437 [Worker-32: Importing Maven projects] INFO  o.e.m.c.i.e.AbstractTransferListenerAdapter - Downloading https://repo.maven.apache.org/maven2/org/springframework/boot/spring-boot-starter-tomcat-runtime/4.0.3/spring-boot-starter-tomcat-runtime-4.0.3.pom
2026-03-02 17:26:50,438 [Worker-32: Importing Maven projects] INFO  o.e.m.c.i.e.AbstractTransferListenerAdapter - Downloaded https://repo.maven.apache.org/maven2/org/springframework/boot/spring-boot-starter-tomcat-runtime/4.0.3/spring-boot-starter-tomcat-runtime-4.0.3.pom
2026-03-02 17:26:50,493 [Worker-32: Importing Maven projects] INFO  o.e.m.c.i.e.AbstractTransferListenerAdapter - Downloading https://repo.maven.apache.org/maven2/org/springframework/boot/spring-boot-tomcat/4.0.3/spring-boot-tomcat-4.0.3.pom
2026-03-02 17:26:50,495 [Worker-32: Importing Maven projects] INFO  o.e.m.c.i.e.AbstractTransferListenerAdapter - Downloaded https://repo.maven.apache.org/maven2/org/springframework/boot/spring-boot-tomcat/4.0.3/spring-boot-tomcat-4.0.3.pom
2026-03-02 17:26:50,562 [Worker-32: Importing Maven projects] INFO  o.e.m.c.i.e.AbstractTransferListenerAdapter - Downloading https://repo.maven.apache.org/maven2/org/springframework/boot/spring-boot-web-server/4.0.3/spring-boot-web-server-4.0.3.pom
2026-03-02 17:26:50,564 [Worker-32: Importing Maven projects] INFO  o.e.m.c.i.e.AbstractTransferListenerAdapter - Downloaded https://repo.maven.apache.org/maven2/org/springframework/boot/spring-boot-web-server/4.0.3/spring-boot-web-server-4.0.3.pom
2026-03-02 17:26:50,638 [Worker-32: Importing Maven projects] INFO  o.e.m.c.i.e.AbstractTransferListenerAdapter - Downloading https://repo.maven.apache.org/maven2/org/apache/tomcat/embed/tomcat-embed-core/11.0.18/tomcat-embed-core-11.0.18.pom
2026-03-02 17:26:50,640 [Worker-32: Importing Maven projects] INFO  o.e.m.c.i.e.AbstractTransferListenerAdapter - Downloaded https://repo.maven.apache.org/maven2/org/apache/tomcat/embed/tomcat-embed-core/11.0.18/tomcat-embed-core-11.0.18.pom
2026-03-02 17:26:50,708 [Worker-32: Importing Maven projects] INFO  o.e.m.c.i.e.AbstractTransferListenerAdapter - Downloading https://repo.maven.apache.org/maven2/org/apache/tomcat/embed/tomcat-embed-el/11.0.18/tomcat-embed-el-11.0.18.pom
2026-03-02 17:26:50,711 [Worker-32: Importing Maven projects] INFO  o.e.m.c.i.e.AbstractTransferListenerAdapter - Downloaded https://repo.maven.apache.org/maven2/org/apache/tomcat/embed/tomcat-embed-el/11.0.18/tomcat-embed-el-11.0.18.pom
2026-03-02 17:26:50,773 [Worker-32: Importing Maven projects] INFO  o.e.m.c.i.e.AbstractTransferListenerAdapter - Downloading https://repo.maven.apache.org/maven2/org/apache/tomcat/embed/tomcat-embed-websocket/11.0.18/tomcat-embed-websocket-11.0.18.pom
2026-03-02 17:26:50,776 [Worker-32: Importing Maven projects] INFO  o.e.m.c.i.e.AbstractTransferListenerAdapter - Downloaded https://repo.maven.apache.org/maven2/org/apache/tomcat/embed/tomcat-embed-websocket/11.0.18/tomcat-embed-websocket-11.0.18.pom
2026-03-02 17:26:50,873 [Worker-32: Importing Maven projects] INFO  o.e.m.c.i.e.AbstractTransferListenerAdapter - Downloading https://repo.maven.apache.org/maven2/org/springframework/spring-web/7.0.5/spring-web-7.0.5.pom
2026-03-02 17:26:50,875 [Worker-32: Importing Maven projects] INFO  o.e.m.c.i.e.AbstractTransferListenerAdapter - Downloaded https://repo.maven.apache.org/maven2/org/springframework/spring-web/7.0.5/spring-web-7.0.5.pom
2026-03-02 17:26:50,937 [Worker-32: Importing Maven projects] INFO  o.e.m.c.i.e.AbstractTransferListenerAdapter - Downloading https://repo.maven.apache.org/maven2/org/springframework/boot/spring-boot-http-converter/4.0.3/spring-boot-http-converter-4.0.3.pom
2026-03-02 17:26:50,939 [Worker-32: Importing Maven projects] INFO  o.e.m.c.i.e.AbstractTransferListenerAdapter - Downloaded https://repo.maven.apache.org/maven2/org/springframework/boot/spring-boot-http-converter/4.0.3/spring-boot-http-converter-4.0.3.pom
2026-03-02 17:26:50,997 [Worker-32: Importing Maven projects] INFO  o.e.m.c.i.e.AbstractTransferListenerAdapter - Downloading https://repo.maven.apache.org/maven2/org/springframework/boot/spring-boot-webmvc/4.0.3/spring-boot-webmvc-4.0.3.pom
2026-03-02 17:26:50,999 [Worker-32: Importing Maven projects] INFO  o.e.m.c.i.e.AbstractTransferListenerAdapter - Downloaded https://repo.maven.apache.org/maven2/org/springframework/boot/spring-boot-webmvc/4.0.3/spring-boot-webmvc-4.0.3.pom
2026-03-02 17:26:51,057 [Worker-32: Importing Maven projects] INFO  o.e.m.c.i.e.AbstractTransferListenerAdapter - Downloading https://repo.maven.apache.org/maven2/org/springframework/boot/spring-boot-servlet/4.0.3/spring-boot-servlet-4.0.3.pom
2026-03-02 17:26:51,059 [Worker-32: Importing Maven projects] INFO  o.e.m.c.i.e.AbstractTransferListenerAdapter - Downloaded https://repo.maven.apache.org/maven2/org/springframework/boot/spring-boot-servlet/4.0.3/spring-boot-servlet-4.0.3.pom
2026-03-02 17:26:51,121 [Worker-32: Importing Maven projects] INFO  o.e.m.c.i.e.AbstractTransferListenerAdapter - Downloading https://repo.maven.apache.org/maven2/org/springframework/spring-webmvc/7.0.5/spring-webmvc-7.0.5.pom
2026-03-02 17:26:51,122 [Worker-32: Importing Maven projects] INFO  o.e.m.c.i.e.AbstractTransferListenerAdapter - Downloaded https://repo.maven.apache.org/maven2/org/springframework/spring-webmvc/7.0.5/spring-webmvc-7.0.5.pom
2026-03-02 17:26:51,183 [Worker-32: Importing Maven projects] INFO  o.e.m.c.i.e.AbstractTransferListenerAdapter - Downloading https://repo.maven.apache.org/maven2/org/springframework/boot/spring-boot-starter-webmvc-test/4.0.3/spring-boot-starter-webmvc-test-4.0.3.pom
2026-03-02 17:26:51,185 [Worker-32: Importing Maven projects] INFO  o.e.m.c.i.e.AbstractTransferListenerAdapter - Downloaded https://repo.maven.apache.org/maven2/org/springframework/boot/spring-boot-starter-webmvc-test/4.0.3/spring-boot-starter-webmvc-test-4.0.3.pom
2026-03-02 17:26:51,252 [Worker-32: Importing Maven projects] INFO  o.e.m.c.i.e.AbstractTransferListenerAdapter - Downloading https://repo.maven.apache.org/maven2/org/springframework/boot/spring-boot-starter-jackson-test/4.0.3/spring-boot-starter-jackson-test-4.0.3.pom
2026-03-02 17:26:51,254 [Worker-32: Importing Maven projects] INFO  o.e.m.c.i.e.AbstractTransferListenerAdapter - Downloaded https://repo.maven.apache.org/maven2/org/springframework/boot/spring-boot-starter-jackson-test/4.0.3/spring-boot-starter-jackson-test-4.0.3.pom
2026-03-02 17:26:51,327 [Worker-32: Importing Maven projects] INFO  o.e.m.c.i.e.AbstractTransferListenerAdapter - Downloading https://repo.maven.apache.org/maven2/org/springframework/boot/spring-boot-starter-test/4.0.3/spring-boot-starter-test-4.0.3.pom
2026-03-02 17:26:51,330 [Worker-32: Importing Maven projects] INFO  o.e.m.c.i.e.AbstractTransferListenerAdapter - Downloaded https://repo.maven.apache.org/maven2/org/springframework/boot/spring-boot-starter-test/4.0.3/spring-boot-starter-test-4.0.3.pom
2026-03-02 17:26:51,407 [Worker-32: Importing Maven projects] INFO  o.e.m.c.i.e.AbstractTransferListenerAdapter - Downloading https://repo.maven.apache.org/maven2/org/springframework/boot/spring-boot-test/4.0.3/spring-boot-test-4.0.3.pom
2026-03-02 17:26:51,409 [Worker-32: Importing Maven projects] INFO  o.e.m.c.i.e.AbstractTransferListenerAdapter - Downloaded https://repo.maven.apache.org/maven2/org/springframework/boot/spring-boot-test/4.0.3/spring-boot-test-4.0.3.pom
2026-03-02 17:26:51,473 [Worker-32: Importing Maven projects] INFO  o.e.m.c.i.e.AbstractTransferListenerAdapter - Downloading https://repo.maven.apache.org/maven2/org/springframework/spring-test/7.0.5/spring-test-7.0.5.pom
2026-03-02 17:26:51,475 [Worker-32: Importing Maven projects] INFO  o.e.m.c.i.e.AbstractTransferListenerAdapter - Downloaded https://repo.maven.apache.org/maven2/org/springframework/spring-test/7.0.5/spring-test-7.0.5.pom
2026-03-02 17:26:51,547 [Worker-32: Importing Maven projects] INFO  o.e.m.c.i.e.AbstractTransferListenerAdapter - Downloading https://repo.maven.apache.org/maven2/org/springframework/boot/spring-boot-test-autoconfigure/4.0.3/spring-boot-test-autoconfigure-4.0.3.pom
2026-03-02 17:26:51,549 [Worker-32: Importing Maven projects] INFO  o.e.m.c.i.e.AbstractTransferListenerAdapter - Downloaded https://repo.maven.apache.org/maven2/org/springframework/boot/spring-boot-test-autoconfigure/4.0.3/spring-boot-test-autoconfigure-4.0.3.pom
2026-03-02 17:26:51,609 [Worker-32: Importing Maven projects] INFO  o.e.m.c.i.e.AbstractTransferListenerAdapter - Downloading https://repo.maven.apache.org/maven2/com/jayway/jsonpath/json-path/2.10.0/json-path-2.10.0.pom
2026-03-02 17:26:51,611 [Worker-32: Importing Maven projects] INFO  o.e.m.c.i.e.AbstractTransferListenerAdapter - Downloaded https://repo.maven.apache.org/maven2/com/jayway/jsonpath/json-path/2.10.0/json-path-2.10.0.pom
2026-03-02 17:26:51,688 [Worker-32: Importing Maven projects] INFO  o.e.m.c.i.e.AbstractTransferListenerAdapter - Downloading https://repo.maven.apache.org/maven2/org/assertj/assertj-core/3.27.7/assertj-core-3.27.7.pom
2026-03-02 17:26:51,690 [Worker-32: Importing Maven projects] INFO  o.e.m.c.i.e.AbstractTransferListenerAdapter - Downloaded https://repo.maven.apache.org/maven2/org/assertj/assertj-core/3.27.7/assertj-core-3.27.7.pom
2026-03-02 17:26:51,774 [Worker-32: Importing Maven projects] INFO  o.e.m.c.i.e.AbstractTransferListenerAdapter - Downloading https://repo.maven.apache.org/maven2/org/junit/jupiter/junit-jupiter/6.0.3/junit-jupiter-6.0.3.pom
2026-03-02 17:26:51,776 [Worker-32: Importing Maven projects] INFO  o.e.m.c.i.e.AbstractTransferListenerAdapter - Downloaded https://repo.maven.apache.org/maven2/org/junit/jupiter/junit-jupiter/6.0.3/junit-jupiter-6.0.3.pom
2026-03-02 17:26:51,838 [Worker-32: Importing Maven projects] INFO  o.e.m.c.i.e.AbstractTransferListenerAdapter - Downloading https://repo.maven.apache.org/maven2/org/junit/jupiter/junit-jupiter-api/6.0.3/junit-jupiter-api-6.0.3.pom
2026-03-02 17:26:51,840 [Worker-32: Importing Maven projects] INFO  o.e.m.c.i.e.AbstractTransferListenerAdapter - Downloaded https://repo.maven.apache.org/maven2/org/junit/jupiter/junit-jupiter-api/6.0.3/junit-jupiter-api-6.0.3.pom
2026-03-02 17:26:51,917 [Worker-32: Importing Maven projects] INFO  o.e.m.c.i.e.AbstractTransferListenerAdapter - Downloading https://repo.maven.apache.org/maven2/org/junit/platform/junit-platform-commons/6.0.3/junit-platform-commons-6.0.3.pom
2026-03-02 17:26:51,919 [Worker-32: Importing Maven projects] INFO  o.e.m.c.i.e.AbstractTransferListenerAdapter - Downloaded https://repo.maven.apache.org/maven2/org/junit/platform/junit-platform-commons/6.0.3/junit-platform-commons-6.0.3.pom
2026-03-02 17:26:52,007 [Worker-32: Importing Maven projects] INFO  o.e.m.c.i.e.AbstractTransferListenerAdapter - Downloading https://repo.maven.apache.org/maven2/org/junit/jupiter/junit-jupiter-params/6.0.3/junit-jupiter-params-6.0.3.pom
2026-03-02 17:26:52,009 [Worker-32: Importing Maven projects] INFO  o.e.m.c.i.e.AbstractTransferListenerAdapter - Downloaded https://repo.maven.apache.org/maven2/org/junit/jupiter/junit-jupiter-params/6.0.3/junit-jupiter-params-6.0.3.pom
2026-03-02 17:26:52,082 [Worker-32: Importing Maven projects] INFO  o.e.m.c.i.e.AbstractTransferListenerAdapter - Downloading https://repo.maven.apache.org/maven2/org/junit/jupiter/junit-jupiter-engine/6.0.3/junit-jupiter-engine-6.0.3.pom
2026-03-02 17:26:52,085 [Worker-32: Importing Maven projects] INFO  o.e.m.c.i.e.AbstractTransferListenerAdapter - Downloaded https://repo.maven.apache.org/maven2/org/junit/jupiter/junit-jupiter-engine/6.0.3/junit-jupiter-engine-6.0.3.pom
2026-03-02 17:26:52,173 [Worker-32: Importing Maven projects] INFO  o.e.m.c.i.e.AbstractTransferListenerAdapter - Downloading https://repo.maven.apache.org/maven2/org/junit/platform/junit-platform-engine/6.0.3/junit-platform-engine-6.0.3.pom
2026-03-02 17:26:52,175 [Worker-32: Importing Maven projects] INFO  o.e.m.c.i.e.AbstractTransferListenerAdapter - Downloaded https://repo.maven.apache.org/maven2/org/junit/platform/junit-platform-engine/6.0.3/junit-platform-engine-6.0.3.pom
2026-03-02 17:26:52,256 [Worker-32: Importing Maven projects] INFO  o.e.m.c.i.e.AbstractTransferListenerAdapter - Downloading https://repo.maven.apache.org/maven2/org/springframework/boot/spring-boot-webmvc-test/4.0.3/spring-boot-webmvc-test-4.0.3.pom
2026-03-02 17:26:52,257 [Worker-32: Importing Maven projects] INFO  o.e.m.c.i.e.AbstractTransferListenerAdapter - Downloaded https://repo.maven.apache.org/maven2/org/springframework/boot/spring-boot-webmvc-test/4.0.3/spring-boot-webmvc-test-4.0.3.pom
2026-03-02 17:26:52,312 [Worker-32: Importing Maven projects] INFO  o.e.m.c.i.e.AbstractTransferListenerAdapter - Downloading https://repo.maven.apache.org/maven2/org/springframework/boot/spring-boot-resttestclient/4.0.3/spring-boot-resttestclient-4.0.3.pom
2026-03-02 17:26:52,313 [Worker-32: Importing Maven projects] INFO  o.e.m.c.i.e.AbstractTransferListenerAdapter - Downloaded https://repo.maven.apache.org/maven2/org/springframework/boot/spring-boot-resttestclient/4.0.3/spring-boot-resttestclient-4.0.3.pom
2026-03-02 17:26:52,376 [Worker-32: Importing Maven projects] INFO  o.e.m.c.i.e.AbstractTransferListenerAdapter - Downloading https://repo.maven.apache.org/maven2/org/springframework/boot/spring-boot-starter-webmvc/4.0.3/spring-boot-starter-webmvc-4.0.3.jar
2026-03-02 17:26:52,377 [Worker-32: Importing Maven projects] INFO  o.e.m.c.i.e.AbstractTransferListenerAdapter - Downloaded https://repo.maven.apache.org/maven2/org/springframework/boot/spring-boot-starter-webmvc/4.0.3/spring-boot-starter-webmvc-4.0.3.jar
2026-03-02 17:26:52,438 [BasicRepositoryConnector-repo.maven.apache.org-0-2] INFO  o.e.m.c.i.e.AbstractTransferListenerAdapter - Downloading https://repo.maven.apache.org/maven2/ch/qos/logback/logback-classic/1.5.32/logback-classic-1.5.32.jar
2026-03-02 17:26:52,540 [BasicRepositoryConnector-repo.maven.apache.org-0-2] INFO  o.e.m.c.i.e.AbstractTransferListenerAdapter - Downloaded https://repo.maven.apache.org/maven2/ch/qos/logback/logback-classic/1.5.32/logback-classic-1.5.32.jar
2026-03-02 17:26:52,573 [BasicRepositoryConnector-repo.maven.apache.org-0-4] INFO  o.e.m.c.i.e.AbstractTransferListenerAdapter - Downloading https://repo.maven.apache.org/maven2/org/apache/logging/log4j/log4j-to-slf4j/2.25.3/log4j-to-slf4j-2.25.3.jar
2026-03-02 17:26:52,573 [BasicRepositoryConnector-repo.maven.apache.org-0-3] INFO  o.e.m.c.i.e.AbstractTransferListenerAdapter - Downloading https://repo.maven.apache.org/maven2/ch/qos/logback/logback-core/1.5.32/logback-core-1.5.32.jar
2026-03-02 17:26:52,575 [BasicRepositoryConnector-repo.maven.apache.org-0-1] INFO  o.e.m.c.i.e.AbstractTransferListenerAdapter - Downloading https://repo.maven.apache.org/maven2/org/springframework/boot/spring-boot-starter-logging/4.0.3/spring-boot-starter-logging-4.0.3.jar
2026-03-02 17:26:52,576 [BasicRepositoryConnector-repo.maven.apache.org-0-1] INFO  o.e.m.c.i.e.AbstractTransferListenerAdapter - Downloaded https://repo.maven.apache.org/maven2/org/springframework/boot/spring-boot-starter-logging/4.0.3/spring-boot-starter-logging-4.0.3.jar
2026-03-02 17:26:52,577 [BasicRepositoryConnector-repo.maven.apache.org-0-4] INFO  o.e.m.c.i.e.AbstractTransferListenerAdapter - Downloaded https://repo.maven.apache.org/maven2/org/apache/logging/log4j/log4j-to-slf4j/2.25.3/log4j-to-slf4j-2.25.3.jar
2026-03-02 17:26:52,583 [BasicRepositoryConnector-repo.maven.apache.org-0-0] INFO  o.e.m.c.i.e.AbstractTransferListenerAdapter - Downloading https://repo.maven.apache.org/maven2/org/springframework/boot/spring-boot-starter/4.0.3/spring-boot-starter-4.0.3.jar
2026-03-02 17:26:52,584 [BasicRepositoryConnector-repo.maven.apache.org-0-0] INFO  o.e.m.c.i.e.AbstractTransferListenerAdapter - Downloaded https://repo.maven.apache.org/maven2/org/springframework/boot/spring-boot-starter/4.0.3/spring-boot-starter-4.0.3.jar
2026-03-02 17:26:52,614 [BasicRepositoryConnector-repo.maven.apache.org-0-2] INFO  o.e.m.c.i.e.AbstractTransferListenerAdapter - Downloading https://repo.maven.apache.org/maven2/org/apache/logging/log4j/log4j-api/2.25.3/log4j-api-2.25.3.jar
2026-03-02 17:26:52,649 [BasicRepositoryConnector-repo.maven.apache.org-0-4] INFO  o.e.m.c.i.e.AbstractTransferListenerAdapter - Downloading https://repo.maven.apache.org/maven2/org/springframework/boot/spring-boot-starter-jackson/4.0.3/spring-boot-starter-jackson-4.0.3.jar
2026-03-02 17:26:52,650 [BasicRepositoryConnector-repo.maven.apache.org-0-4] INFO  o.e.m.c.i.e.AbstractTransferListenerAdapter - Downloaded https://repo.maven.apache.org/maven2/org/springframework/boot/spring-boot-starter-jackson/4.0.3/spring-boot-starter-jackson-4.0.3.jar
2026-03-02 17:26:52,674 [BasicRepositoryConnector-repo.maven.apache.org-0-0] INFO  o.e.m.c.i.e.AbstractTransferListenerAdapter - Downloading https://repo.maven.apache.org/maven2/org/springframework/boot/spring-boot-jackson/4.0.3/spring-boot-jackson-4.0.3.jar
2026-03-02 17:26:52,678 [BasicRepositoryConnector-repo.maven.apache.org-0-1] INFO  o.e.m.c.i.e.AbstractTransferListenerAdapter - Downloading https://repo.maven.apache.org/maven2/org/springframework/boot/spring-boot-autoconfigure/4.0.3/spring-boot-autoconfigure-4.0.3.jar
2026-03-02 17:26:52,696 [BasicRepositoryConnector-repo.maven.apache.org-0-2] INFO  o.e.m.c.i.e.AbstractTransferListenerAdapter - Downloaded https://repo.maven.apache.org/maven2/org/apache/logging/log4j/log4j-api/2.25.3/log4j-api-2.25.3.jar
2026-03-02 17:26:52,698 [BasicRepositoryConnector-repo.maven.apache.org-0-0] INFO  o.e.m.c.i.e.AbstractTransferListenerAdapter - Downloaded https://repo.maven.apache.org/maven2/org/springframework/boot/spring-boot-jackson/4.0.3/spring-boot-jackson-4.0.3.jar
2026-03-02 17:26:52,743 [BasicRepositoryConnector-repo.maven.apache.org-0-4] INFO  o.e.m.c.i.e.AbstractTransferListenerAdapter - Downloading https://repo.maven.apache.org/maven2/tools/jackson/core/jackson-databind/3.0.4/jackson-databind-3.0.4.jar
2026-03-02 17:26:52,762 [BasicRepositoryConnector-repo.maven.apache.org-0-2] INFO  o.e.m.c.i.e.AbstractTransferListenerAdapter - Downloading https://repo.maven.apache.org/maven2/tools/jackson/core/jackson-core/3.0.4/jackson-core-3.0.4.jar
2026-03-02 17:26:52,926 [BasicRepositoryConnector-repo.maven.apache.org-0-3] INFO  o.e.m.c.i.e.AbstractTransferListenerAdapter - Downloaded https://repo.maven.apache.org/maven2/ch/qos/logback/logback-core/1.5.32/logback-core-1.5.32.jar
2026-03-02 17:26:52,927 [BasicRepositoryConnector-repo.maven.apache.org-0-1] INFO  o.e.m.c.i.e.AbstractTransferListenerAdapter - Downloaded https://repo.maven.apache.org/maven2/org/springframework/boot/spring-boot-autoconfigure/4.0.3/spring-boot-autoconfigure-4.0.3.jar
2026-03-02 17:26:52,961 [BasicRepositoryConnector-repo.maven.apache.org-0-2] INFO  o.e.m.c.i.e.AbstractTransferListenerAdapter - Downloaded https://repo.maven.apache.org/maven2/tools/jackson/core/jackson-core/3.0.4/jackson-core-3.0.4.jar
2026-03-02 17:26:52,963 [BasicRepositoryConnector-repo.maven.apache.org-0-0] INFO  o.e.m.c.i.e.AbstractTransferListenerAdapter - Downloading https://repo.maven.apache.org/maven2/org/springframework/boot/spring-boot-starter-tomcat/4.0.3/spring-boot-starter-tomcat-4.0.3.jar
2026-03-02 17:26:52,989 [BasicRepositoryConnector-repo.maven.apache.org-0-3] INFO  o.e.m.c.i.e.AbstractTransferListenerAdapter - Downloading https://repo.maven.apache.org/maven2/org/springframework/boot/spring-boot-starter-tomcat-runtime/4.0.3/spring-boot-starter-tomcat-runtime-4.0.3.jar
2026-03-02 17:26:52,990 [BasicRepositoryConnector-repo.maven.apache.org-0-1] INFO  o.e.m.c.i.e.AbstractTransferListenerAdapter - Downloading https://repo.maven.apache.org/maven2/org/apache/tomcat/embed/tomcat-embed-core/11.0.18/tomcat-embed-core-11.0.18.jar
2026-03-02 17:26:52,991 [BasicRepositoryConnector-repo.maven.apache.org-0-3] INFO  o.e.m.c.i.e.AbstractTransferListenerAdapter - Downloaded https://repo.maven.apache.org/maven2/org/springframework/boot/spring-boot-starter-tomcat-runtime/4.0.3/spring-boot-starter-tomcat-runtime-4.0.3.jar
2026-03-02 17:26:53,038 [BasicRepositoryConnector-repo.maven.apache.org-0-2] INFO  o.e.m.c.i.e.AbstractTransferListenerAdapter - Downloading https://repo.maven.apache.org/maven2/org/apache/tomcat/embed/tomcat-embed-el/11.0.18/tomcat-embed-el-11.0.18.jar
2026-03-02 17:26:53,065 [BasicRepositoryConnector-repo.maven.apache.org-0-0] INFO  o.e.m.c.i.e.AbstractTransferListenerAdapter - Downloaded https://repo.maven.apache.org/maven2/org/springframework/boot/spring-boot-starter-tomcat/4.0.3/spring-boot-starter-tomcat-4.0.3.jar
2026-03-02 17:26:53,141 [BasicRepositoryConnector-repo.maven.apache.org-0-0] INFO  o.e.m.c.i.e.AbstractTransferListenerAdapter - Downloading https://repo.maven.apache.org/maven2/org/springframework/boot/spring-boot-tomcat/4.0.3/spring-boot-tomcat-4.0.3.jar
2026-03-02 17:26:53,166 [BasicRepositoryConnector-repo.maven.apache.org-0-3] INFO  o.e.m.c.i.e.AbstractTransferListenerAdapter - Downloading https://repo.maven.apache.org/maven2/org/apache/tomcat/embed/tomcat-embed-websocket/11.0.18/tomcat-embed-websocket-11.0.18.jar
2026-03-02 17:26:53,221 [BasicRepositoryConnector-repo.maven.apache.org-0-0] INFO  o.e.m.c.i.e.AbstractTransferListenerAdapter - Downloaded https://repo.maven.apache.org/maven2/org/springframework/boot/spring-boot-tomcat/4.0.3/spring-boot-tomcat-4.0.3.jar
2026-03-02 17:26:53,223 [BasicRepositoryConnector-repo.maven.apache.org-0-2] INFO  o.e.m.c.i.e.AbstractTransferListenerAdapter - Downloaded https://repo.maven.apache.org/maven2/org/apache/tomcat/embed/tomcat-embed-el/11.0.18/tomcat-embed-el-11.0.18.jar
2026-03-02 17:26:53,252 [BasicRepositoryConnector-repo.maven.apache.org-0-3] INFO  o.e.m.c.i.e.AbstractTransferListenerAdapter - Downloaded https://repo.maven.apache.org/maven2/org/apache/tomcat/embed/tomcat-embed-websocket/11.0.18/tomcat-embed-websocket-11.0.18.jar
2026-03-02 17:26:53,302 [BasicRepositoryConnector-repo.maven.apache.org-0-0] INFO  o.e.m.c.i.e.AbstractTransferListenerAdapter - Downloading https://repo.maven.apache.org/maven2/org/springframework/boot/spring-boot-http-converter/4.0.3/spring-boot-http-converter-4.0.3.jar
2026-03-02 17:26:53,315 [BasicRepositoryConnector-repo.maven.apache.org-0-0] INFO  o.e.m.c.i.e.AbstractTransferListenerAdapter - Downloaded https://repo.maven.apache.org/maven2/org/springframework/boot/spring-boot-http-converter/4.0.3/spring-boot-http-converter-4.0.3.jar
2026-03-02 17:26:53,340 [BasicRepositoryConnector-repo.maven.apache.org-0-2] INFO  o.e.m.c.i.e.AbstractTransferListenerAdapter - Downloading https://repo.maven.apache.org/maven2/org/springframework/boot/spring-boot/4.0.3/spring-boot-4.0.3.jar
2026-03-02 17:26:53,345 [BasicRepositoryConnector-repo.maven.apache.org-0-3] INFO  o.e.m.c.i.e.AbstractTransferListenerAdapter - Downloading https://repo.maven.apache.org/maven2/org/springframework/spring-context/7.0.5/spring-context-7.0.5.jar
2026-03-02 17:26:53,437 [BasicRepositoryConnector-repo.maven.apache.org-0-0] INFO  o.e.m.c.i.e.AbstractTransferListenerAdapter - Downloading https://repo.maven.apache.org/maven2/org/springframework/spring-web/7.0.5/spring-web-7.0.5.jar
2026-03-02 17:26:54,227 [BasicRepositoryConnector-repo.maven.apache.org-0-2] INFO  o.e.m.c.i.e.AbstractTransferListenerAdapter - Downloaded https://repo.maven.apache.org/maven2/org/springframework/boot/spring-boot/4.0.3/spring-boot-4.0.3.jar
2026-03-02 17:26:54,302 [BasicRepositoryConnector-repo.maven.apache.org-0-2] INFO  o.e.m.c.i.e.AbstractTransferListenerAdapter - Downloading https://repo.maven.apache.org/maven2/org/springframework/spring-beans/7.0.5/spring-beans-7.0.5.jar
2026-03-02 17:26:54,387 [BasicRepositoryConnector-repo.maven.apache.org-0-3] INFO  o.e.m.c.i.e.AbstractTransferListenerAdapter - Downloaded https://repo.maven.apache.org/maven2/org/springframework/spring-context/7.0.5/spring-context-7.0.5.jar
2026-03-02 17:26:54,415 [BasicRepositoryConnector-repo.maven.apache.org-0-4] INFO  o.e.m.c.i.e.AbstractTransferListenerAdapter - Downloaded https://repo.maven.apache.org/maven2/tools/jackson/core/jackson-databind/3.0.4/jackson-databind-3.0.4.jar
2026-03-02 17:26:54,510 [BasicRepositoryConnector-repo.maven.apache.org-0-4] INFO  o.e.m.c.i.e.AbstractTransferListenerAdapter - Downloading https://repo.maven.apache.org/maven2/io/micrometer/micrometer-commons/1.16.3/micrometer-commons-1.16.3.jar
2026-03-02 17:26:54,573 [BasicRepositoryConnector-repo.maven.apache.org-0-3] INFO  o.e.m.c.i.e.AbstractTransferListenerAdapter - Downloading https://repo.maven.apache.org/maven2/io/micrometer/micrometer-observation/1.16.3/micrometer-observation-1.16.3.jar
2026-03-02 17:26:54,608 [BasicRepositoryConnector-repo.maven.apache.org-0-4] INFO  o.e.m.c.i.e.AbstractTransferListenerAdapter - Downloaded https://repo.maven.apache.org/maven2/io/micrometer/micrometer-commons/1.16.3/micrometer-commons-1.16.3.jar
2026-03-02 17:26:54,608 [BasicRepositoryConnector-repo.maven.apache.org-0-3] INFO  o.e.m.c.i.e.AbstractTransferListenerAdapter - Downloaded https://repo.maven.apache.org/maven2/io/micrometer/micrometer-observation/1.16.3/micrometer-observation-1.16.3.jar
2026-03-02 17:26:54,698 [BasicRepositoryConnector-repo.maven.apache.org-0-4] INFO  o.e.m.c.i.e.AbstractTransferListenerAdapter - Downloading https://repo.maven.apache.org/maven2/org/springframework/boot/spring-boot-webmvc/4.0.3/spring-boot-webmvc-4.0.3.jar
2026-03-02 17:26:54,734 [BasicRepositoryConnector-repo.maven.apache.org-0-3] INFO  o.e.m.c.i.e.AbstractTransferListenerAdapter - Downloading https://repo.maven.apache.org/maven2/org/springframework/boot/spring-boot-servlet/4.0.3/spring-boot-servlet-4.0.3.jar
2026-03-02 17:26:54,809 [BasicRepositoryConnector-repo.maven.apache.org-0-2] INFO  o.e.m.c.i.e.AbstractTransferListenerAdapter - Downloaded https://repo.maven.apache.org/maven2/org/springframework/spring-beans/7.0.5/spring-beans-7.0.5.jar
2026-03-02 17:26:54,833 [BasicRepositoryConnector-repo.maven.apache.org-0-4] INFO  o.e.m.c.i.e.AbstractTransferListenerAdapter - Downloaded https://repo.maven.apache.org/maven2/org/springframework/boot/spring-boot-webmvc/4.0.3/spring-boot-webmvc-4.0.3.jar
2026-03-02 17:26:54,863 [BasicRepositoryConnector-repo.maven.apache.org-0-0] INFO  o.e.m.c.i.e.AbstractTransferListenerAdapter - Downloaded https://repo.maven.apache.org/maven2/org/springframework/spring-web/7.0.5/spring-web-7.0.5.jar
2026-03-02 17:26:54,893 [BasicRepositoryConnector-repo.maven.apache.org-0-3] INFO  o.e.m.c.i.e.AbstractTransferListenerAdapter - Downloaded https://repo.maven.apache.org/maven2/org/springframework/boot/spring-boot-servlet/4.0.3/spring-boot-servlet-4.0.3.jar
2026-03-02 17:26:54,896 [BasicRepositoryConnector-repo.maven.apache.org-0-2] INFO  o.e.m.c.i.e.AbstractTransferListenerAdapter - Downloading https://repo.maven.apache.org/maven2/org/springframework/spring-webmvc/7.0.5/spring-webmvc-7.0.5.jar
2026-03-02 17:26:54,915 [BasicRepositoryConnector-repo.maven.apache.org-0-4] INFO  o.e.m.c.i.e.AbstractTransferListenerAdapter - Downloading https://repo.maven.apache.org/maven2/org/springframework/spring-aop/7.0.5/spring-aop-7.0.5.jar
2026-03-02 17:26:54,942 [BasicRepositoryConnector-repo.maven.apache.org-0-0] INFO  o.e.m.c.i.e.AbstractTransferListenerAdapter - Downloading https://repo.maven.apache.org/maven2/org/springframework/spring-expression/7.0.5/spring-expression-7.0.5.jar
2026-03-02 17:26:54,985 [BasicRepositoryConnector-repo.maven.apache.org-0-3] INFO  o.e.m.c.i.e.AbstractTransferListenerAdapter - Downloading https://repo.maven.apache.org/maven2/org/springframework/boot/spring-boot-starter-webmvc-test/4.0.3/spring-boot-starter-webmvc-test-4.0.3.jar
2026-03-02 17:26:54,986 [BasicRepositoryConnector-repo.maven.apache.org-0-3] INFO  o.e.m.c.i.e.AbstractTransferListenerAdapter - Downloaded https://repo.maven.apache.org/maven2/org/springframework/boot/spring-boot-starter-webmvc-test/4.0.3/spring-boot-starter-webmvc-test-4.0.3.jar
2026-03-02 17:26:55,066 [BasicRepositoryConnector-repo.maven.apache.org-0-3] INFO  o.e.m.c.i.e.AbstractTransferListenerAdapter - Downloading https://repo.maven.apache.org/maven2/org/springframework/boot/spring-boot-starter-jackson-test/4.0.3/spring-boot-starter-jackson-test-4.0.3.jar
2026-03-02 17:26:55,068 [BasicRepositoryConnector-repo.maven.apache.org-0-3] INFO  o.e.m.c.i.e.AbstractTransferListenerAdapter - Downloaded https://repo.maven.apache.org/maven2/org/springframework/boot/spring-boot-starter-jackson-test/4.0.3/spring-boot-starter-jackson-test-4.0.3.jar
2026-03-02 17:26:55,107 [BasicRepositoryConnector-repo.maven.apache.org-0-0] INFO  o.e.m.c.i.e.AbstractTransferListenerAdapter - Downloaded https://repo.maven.apache.org/maven2/org/springframework/spring-expression/7.0.5/spring-expression-7.0.5.jar
2026-03-02 17:26:55,116 [BasicRepositoryConnector-repo.maven.apache.org-0-1] INFO  o.e.m.c.i.e.AbstractTransferListenerAdapter - Downloaded https://repo.maven.apache.org/maven2/org/apache/tomcat/embed/tomcat-embed-core/11.0.18/tomcat-embed-core-11.0.18.jar
2026-03-02 17:26:55,136 [BasicRepositoryConnector-repo.maven.apache.org-0-3] INFO  o.e.m.c.i.e.AbstractTransferListenerAdapter - Downloading https://repo.maven.apache.org/maven2/org/springframework/boot/spring-boot-starter-test/4.0.3/spring-boot-starter-test-4.0.3.jar
2026-03-02 17:26:55,137 [BasicRepositoryConnector-repo.maven.apache.org-0-3] INFO  o.e.m.c.i.e.AbstractTransferListenerAdapter - Downloaded https://repo.maven.apache.org/maven2/org/springframework/boot/spring-boot-starter-test/4.0.3/spring-boot-starter-test-4.0.3.jar
2026-03-02 17:26:55,158 [BasicRepositoryConnector-repo.maven.apache.org-0-4] INFO  o.e.m.c.i.e.AbstractTransferListenerAdapter - Downloaded https://repo.maven.apache.org/maven2/org/springframework/spring-aop/7.0.5/spring-aop-7.0.5.jar
2026-03-02 17:26:55,209 [BasicRepositoryConnector-repo.maven.apache.org-0-0] INFO  o.e.m.c.i.e.AbstractTransferListenerAdapter - Downloading https://repo.maven.apache.org/maven2/org/springframework/boot/spring-boot-test/4.0.3/spring-boot-test-4.0.3.jar
2026-03-02 17:26:55,222 [BasicRepositoryConnector-repo.maven.apache.org-0-1] INFO  o.e.m.c.i.e.AbstractTransferListenerAdapter - Downloading https://repo.maven.apache.org/maven2/org/springframework/boot/spring-boot-test-autoconfigure/4.0.3/spring-boot-test-autoconfigure-4.0.3.jar
2026-03-02 17:26:55,225 [BasicRepositoryConnector-repo.maven.apache.org-0-1] INFO  o.e.m.c.i.e.AbstractTransferListenerAdapter - Downloaded https://repo.maven.apache.org/maven2/org/springframework/boot/spring-boot-test-autoconfigure/4.0.3/spring-boot-test-autoconfigure-4.0.3.jar
2026-03-02 17:26:55,229 [BasicRepositoryConnector-repo.maven.apache.org-0-3] INFO  o.e.m.c.i.e.AbstractTransferListenerAdapter - Downloading https://repo.maven.apache.org/maven2/com/jayway/jsonpath/json-path/2.10.0/json-path-2.10.0.jar
2026-03-02 17:26:55,267 [BasicRepositoryConnector-repo.maven.apache.org-0-4] INFO  o.e.m.c.i.e.AbstractTransferListenerAdapter - Downloading https://repo.maven.apache.org/maven2/org/assertj/assertj-core/3.27.7/assertj-core-3.27.7.jar
2026-03-02 17:26:55,286 [BasicRepositoryConnector-repo.maven.apache.org-0-0] INFO  o.e.m.c.i.e.AbstractTransferListenerAdapter - Downloaded https://repo.maven.apache.org/maven2/org/springframework/boot/spring-boot-test/4.0.3/spring-boot-test-4.0.3.jar
2026-03-02 17:26:55,296 [BasicRepositoryConnector-repo.maven.apache.org-0-1] INFO  o.e.m.c.i.e.AbstractTransferListenerAdapter - Downloading https://repo.maven.apache.org/maven2/org/junit/jupiter/junit-jupiter/6.0.3/junit-jupiter-6.0.3.jar
2026-03-02 17:26:55,297 [BasicRepositoryConnector-repo.maven.apache.org-0-1] INFO  o.e.m.c.i.e.AbstractTransferListenerAdapter - Downloaded https://repo.maven.apache.org/maven2/org/junit/jupiter/junit-jupiter/6.0.3/junit-jupiter-6.0.3.jar
2026-03-02 17:26:55,382 [BasicRepositoryConnector-repo.maven.apache.org-0-1] INFO  o.e.m.c.i.e.AbstractTransferListenerAdapter - Downloading https://repo.maven.apache.org/maven2/org/junit/platform/junit-platform-commons/6.0.3/junit-platform-commons-6.0.3.jar
2026-03-02 17:26:55,384 [BasicRepositoryConnector-repo.maven.apache.org-0-0] INFO  o.e.m.c.i.e.AbstractTransferListenerAdapter - Downloading https://repo.maven.apache.org/maven2/org/junit/jupiter/junit-jupiter-api/6.0.3/junit-jupiter-api-6.0.3.jar
2026-03-02 17:26:55,541 [BasicRepositoryConnector-repo.maven.apache.org-0-3] INFO  o.e.m.c.i.e.AbstractTransferListenerAdapter - Downloaded https://repo.maven.apache.org/maven2/com/jayway/jsonpath/json-path/2.10.0/json-path-2.10.0.jar
2026-03-02 17:26:55,637 [BasicRepositoryConnector-repo.maven.apache.org-0-3] INFO  o.e.m.c.i.e.AbstractTransferListenerAdapter - Downloading https://repo.maven.apache.org/maven2/org/junit/jupiter/junit-jupiter-params/6.0.3/junit-jupiter-params-6.0.3.jar
2026-03-02 17:26:55,643 [BasicRepositoryConnector-repo.maven.apache.org-0-2] INFO  o.e.m.c.i.e.AbstractTransferListenerAdapter - Downloaded https://repo.maven.apache.org/maven2/org/springframework/spring-webmvc/7.0.5/spring-webmvc-7.0.5.jar
2026-03-02 17:26:55,648 [BasicRepositoryConnector-repo.maven.apache.org-0-1] INFO  o.e.m.c.i.e.AbstractTransferListenerAdapter - Downloaded https://repo.maven.apache.org/maven2/org/junit/platform/junit-platform-commons/6.0.3/junit-platform-commons-6.0.3.jar
2026-03-02 17:26:55,684 [BasicRepositoryConnector-repo.maven.apache.org-0-0] INFO  o.e.m.c.i.e.AbstractTransferListenerAdapter - Downloaded https://repo.maven.apache.org/maven2/org/junit/jupiter/junit-jupiter-api/6.0.3/junit-jupiter-api-6.0.3.jar
2026-03-02 17:26:55,712 [BasicRepositoryConnector-repo.maven.apache.org-0-2] INFO  o.e.m.c.i.e.AbstractTransferListenerAdapter - Downloading https://repo.maven.apache.org/maven2/org/junit/jupiter/junit-jupiter-engine/6.0.3/junit-jupiter-engine-6.0.3.jar
2026-03-02 17:26:55,722 [BasicRepositoryConnector-repo.maven.apache.org-0-1] INFO  o.e.m.c.i.e.AbstractTransferListenerAdapter - Downloading https://repo.maven.apache.org/maven2/org/junit/platform/junit-platform-engine/6.0.3/junit-platform-engine-6.0.3.jar
2026-03-02 17:26:55,934 [BasicRepositoryConnector-repo.maven.apache.org-0-0] INFO  o.e.m.c.i.e.AbstractTransferListenerAdapter - Downloading https://repo.maven.apache.org/maven2/org/springframework/spring-core/7.0.5/spring-core-7.0.5.jar
2026-03-02 17:26:55,937 [BasicRepositoryConnector-repo.maven.apache.org-0-2] INFO  o.e.m.c.i.e.AbstractTransferListenerAdapter - Downloaded https://repo.maven.apache.org/maven2/org/junit/jupiter/junit-jupiter-engine/6.0.3/junit-jupiter-engine-6.0.3.jar
2026-03-02 17:26:55,957 [BasicRepositoryConnector-repo.maven.apache.org-0-3] INFO  o.e.m.c.i.e.AbstractTransferListenerAdapter - Downloaded https://repo.maven.apache.org/maven2/org/junit/jupiter/junit-jupiter-params/6.0.3/junit-jupiter-params-6.0.3.jar
2026-03-02 17:26:56,013 [BasicRepositoryConnector-repo.maven.apache.org-0-1] INFO  o.e.m.c.i.e.AbstractTransferListenerAdapter - Downloaded https://repo.maven.apache.org/maven2/org/junit/platform/junit-platform-engine/6.0.3/junit-platform-engine-6.0.3.jar
2026-03-02 17:26:56,019 [BasicRepositoryConnector-repo.maven.apache.org-0-2] INFO  o.e.m.c.i.e.AbstractTransferListenerAdapter - Downloading https://repo.maven.apache.org/maven2/org/springframework/spring-test/7.0.5/spring-test-7.0.5.jar
2026-03-02 17:26:56,038 [BasicRepositoryConnector-repo.maven.apache.org-0-3] INFO  o.e.m.c.i.e.AbstractTransferListenerAdapter - Downloading https://repo.maven.apache.org/maven2/org/springframework/boot/spring-boot-webmvc-test/4.0.3/spring-boot-webmvc-test-4.0.3.jar
2026-03-02 17:26:56,072 [BasicRepositoryConnector-repo.maven.apache.org-0-3] INFO  o.e.m.c.i.e.AbstractTransferListenerAdapter - Downloaded https://repo.maven.apache.org/maven2/org/springframework/boot/spring-boot-webmvc-test/4.0.3/spring-boot-webmvc-test-4.0.3.jar
2026-03-02 17:26:56,095 [BasicRepositoryConnector-repo.maven.apache.org-0-1] INFO  o.e.m.c.i.e.AbstractTransferListenerAdapter - Downloading https://repo.maven.apache.org/maven2/org/springframework/boot/spring-boot-web-server/4.0.3/spring-boot-web-server-4.0.3.jar
2026-03-02 17:26:56,189 [BasicRepositoryConnector-repo.maven.apache.org-0-1] INFO  o.e.m.c.i.e.AbstractTransferListenerAdapter - Downloaded https://repo.maven.apache.org/maven2/org/springframework/boot/spring-boot-web-server/4.0.3/spring-boot-web-server-4.0.3.jar
2026-03-02 17:26:56,194 [BasicRepositoryConnector-repo.maven.apache.org-0-3] INFO  o.e.m.c.i.e.AbstractTransferListenerAdapter - Downloading https://repo.maven.apache.org/maven2/org/springframework/boot/spring-boot-resttestclient/4.0.3/spring-boot-resttestclient-4.0.3.jar
2026-03-02 17:26:56,341 [BasicRepositoryConnector-repo.maven.apache.org-0-4] INFO  o.e.m.c.i.e.AbstractTransferListenerAdapter - Downloaded https://repo.maven.apache.org/maven2/org/assertj/assertj-core/3.27.7/assertj-core-3.27.7.jar
2026-03-02 17:26:56,523 [BasicRepositoryConnector-repo.maven.apache.org-0-2] INFO  o.e.m.c.i.e.AbstractTransferListenerAdapter - Downloaded https://repo.maven.apache.org/maven2/org/springframework/spring-test/7.0.5/spring-test-7.0.5.jar
2026-03-02 17:26:56,612 [BasicRepositoryConnector-repo.maven.apache.org-0-3] INFO  o.e.m.c.i.e.AbstractTransferListenerAdapter - Downloaded https://repo.maven.apache.org/maven2/org/springframework/boot/spring-boot-resttestclient/4.0.3/spring-boot-resttestclient-4.0.3.jar
2026-03-02 17:26:56,785 [BasicRepositoryConnector-repo.maven.apache.org-0-0] INFO  o.e.m.c.i.e.AbstractTransferListenerAdapter - Downloaded https://repo.maven.apache.org/maven2/org/springframework/spring-core/7.0.5/spring-core-7.0.5.jar
2026-03-02 17:26:57,164 [Worker-32: Importing Maven projects] INFO  o.e.m.j.i.AbstractJavaProjectConfigurator - Adding source folder /student-api/src/main/java
2026-03-02 17:26:57,165 [Worker-32: Importing Maven projects] INFO  o.e.m.j.i.AbstractJavaProjectConfigurator - Adding resource folder /student-api/src/main/resources
2026-03-02 17:26:57,166 [Worker-32: Importing Maven projects] INFO  o.e.m.j.i.AbstractJavaProjectConfigurator - Adding resource folder /student-api/src/main/resources
2026-03-02 17:26:57,167 [Worker-32: Importing Maven projects] INFO  o.e.m.j.i.AbstractJavaProjectConfigurator - Adding source folder /student-api/src/test/java
2026-03-02 17:26:57,167 [Worker-32: Importing Maven projects] INFO  o.e.m.j.i.AbstractJavaProjectConfigurator - Adding resource folder /student-api/src/test/resources
2026-03-02 17:26:57,348 [Worker-32: Importing Maven projects] INFO  o.e.m.c.i.p.ProjectConfigurationManager - Imported and configured 1 project(s) in 11 sec
2026-03-02 17:26:57,974 [Worker-2: Building] INFO  o.a.m.s.f.DefaultMavenResourcesFiltering - Copying 1 resource from src/main/resources to target/classes
2026-03-02 17:26:57,990 [Worker-2: Building] INFO  o.a.m.s.f.DefaultMavenResourcesFiltering - Copying 0 resource from src/main/resources to target/classes
2026-03-02 17:26:57,996 [Worker-2: Building] INFO  o.a.m.s.f.DefaultMavenResourcesFiltering - skip non existing resourceDirectory /home/manikandan/Project Hub/SpringBoot Projects/student-api/src/test/resources
2026-03-02 17:26:58,282 [Worker-30: Download sources and javadoc] INFO  o.e.m.c.i.e.AbstractTransferListenerAdapter - Downloading https://repo.maven.apache.org/maven2/org/springframework/boot/spring-boot-starter-webmvc/4.0.3/spring-boot-starter-webmvc-4.0.3-sources.jar
2026-03-02 17:26:58,292 [Worker-30: Download sources and javadoc] INFO  o.e.m.c.i.e.AbstractTransferListenerAdapter - Downloaded https://repo.maven.apache.org/maven2/org/springframework/boot/spring-boot-starter-webmvc/4.0.3/spring-boot-starter-webmvc-4.0.3-sources.jar
2026-03-02 17:26:58,295 [Worker-30: Download sources and javadoc] INFO  o.e.m.j.internal.DownloadSourcesJob - Downloaded sources for org.springframework.boot:spring-boot-starter-webmvc:4.0.3
2026-03-02 17:26:58,532 [Worker-30: Download sources and javadoc] INFO  o.e.m.c.i.e.AbstractTransferListenerAdapter - Downloading https://repo.maven.apache.org/maven2/org/springframework/boot/spring-boot-starter/4.0.3/spring-boot-starter-4.0.3-sources.jar
2026-03-02 17:26:58,533 [Worker-30: Download sources and javadoc] INFO  o.e.m.c.i.e.AbstractTransferListenerAdapter - Downloaded https://repo.maven.apache.org/maven2/org/springframework/boot/spring-boot-starter/4.0.3/spring-boot-starter-4.0.3-sources.jar
2026-03-02 17:26:58,535 [Worker-30: Download sources and javadoc] INFO  o.e.m.j.internal.DownloadSourcesJob - Downloaded sources for org.springframework.boot:spring-boot-starter:4.0.3
2026-03-02 17:26:58,772 [Worker-30: Download sources and javadoc] INFO  o.e.m.c.i.e.AbstractTransferListenerAdapter - Downloading https://repo.maven.apache.org/maven2/org/springframework/boot/spring-boot-starter-logging/4.0.3/spring-boot-starter-logging-4.0.3-sources.jar
2026-03-02 17:26:58,773 [Worker-30: Download sources and javadoc] INFO  o.e.m.c.i.e.AbstractTransferListenerAdapter - Downloaded https://repo.maven.apache.org/maven2/org/springframework/boot/spring-boot-starter-logging/4.0.3/spring-boot-starter-logging-4.0.3-sources.jar
2026-03-02 17:26:58,774 [Worker-30: Download sources and javadoc] INFO  o.e.m.j.internal.DownloadSourcesJob - Downloaded sources for org.springframework.boot:spring-boot-starter-logging:4.0.3
2026-03-02 17:26:58,980 [Worker-30: Download sources and javadoc] INFO  o.e.m.c.i.e.AbstractTransferListenerAdapter - Downloading https://repo.maven.apache.org/maven2/ch/qos/logback/logback-classic/1.5.32/logback-classic-1.5.32-sources.jar
2026-03-02 17:26:59,172 [Worker-30: Download sources and javadoc] INFO  o.e.m.c.i.e.AbstractTransferListenerAdapter - Downloaded https://repo.maven.apache.org/maven2/ch/qos/logback/logback-classic/1.5.32/logback-classic-1.5.32-sources.jar
2026-03-02 17:26:59,173 [Worker-30: Download sources and javadoc] INFO  o.e.m.j.internal.DownloadSourcesJob - Downloaded sources for ch.qos.logback:logback-classic:1.5.32
2026-03-02 17:26:59,402 [Worker-30: Download sources and javadoc] INFO  o.e.m.c.i.e.AbstractTransferListenerAdapter - Downloading https://repo.maven.apache.org/maven2/ch/qos/logback/logback-core/1.5.32/logback-core-1.5.32-sources.jar
2026-03-02 17:26:59,692 [Worker-30: Download sources and javadoc] INFO  o.e.m.c.i.e.AbstractTransferListenerAdapter - Downloaded https://repo.maven.apache.org/maven2/ch/qos/logback/logback-core/1.5.32/logback-core-1.5.32-sources.jar
2026-03-02 17:26:59,694 [Worker-30: Download sources and javadoc] INFO  o.e.m.j.internal.DownloadSourcesJob - Downloaded sources for ch.qos.logback:logback-core:1.5.32
2026-03-02 17:26:59,901 [Worker-30: Download sources and javadoc] INFO  o.e.m.c.i.e.AbstractTransferListenerAdapter - Downloading https://repo.maven.apache.org/maven2/org/apache/logging/log4j/log4j-to-slf4j/2.25.3/log4j-to-slf4j-2.25.3-sources.jar
2026-03-02 17:26:59,903 [Worker-30: Download sources and javadoc] INFO  o.e.m.c.i.e.AbstractTransferListenerAdapter - Downloaded https://repo.maven.apache.org/maven2/org/apache/logging/log4j/log4j-to-slf4j/2.25.3/log4j-to-slf4j-2.25.3-sources.jar
2026-03-02 17:26:59,904 [Worker-30: Download sources and javadoc] INFO  o.e.m.j.internal.DownloadSourcesJob - Downloaded sources for org.apache.logging.log4j:log4j-to-slf4j:2.25.3
2026-03-02 17:27:00,172 [Worker-30: Download sources and javadoc] INFO  o.e.m.c.i.e.AbstractTransferListenerAdapter - Downloading https://repo.maven.apache.org/maven2/org/apache/logging/log4j/log4j-api/2.25.3/log4j-api-2.25.3-sources.jar
2026-03-02 17:27:00,372 [Worker-30: Download sources and javadoc] INFO  o.e.m.c.i.e.AbstractTransferListenerAdapter - Downloaded https://repo.maven.apache.org/maven2/org/apache/logging/log4j/log4j-api/2.25.3/log4j-api-2.25.3-sources.jar
2026-03-02 17:27:00,374 [Worker-30: Download sources and javadoc] INFO  o.e.m.j.internal.DownloadSourcesJob - Downloaded sources for org.apache.logging.log4j:log4j-api:2.25.3
2026-03-02 17:27:00,567 [Worker-30: Download sources and javadoc] INFO  o.e.m.c.i.e.AbstractTransferListenerAdapter - Downloading https://repo.maven.apache.org/maven2/org/springframework/boot/spring-boot-autoconfigure/4.0.3/spring-boot-autoconfigure-4.0.3-sources.jar
2026-03-02 17:27:00,717 [Worker-30: Download sources and javadoc] INFO  o.e.m.c.i.e.AbstractTransferListenerAdapter - Downloaded https://repo.maven.apache.org/maven2/org/springframework/boot/spring-boot-autoconfigure/4.0.3/spring-boot-autoconfigure-4.0.3-sources.jar
2026-03-02 17:27:00,718 [Worker-30: Download sources and javadoc] INFO  o.e.m.j.internal.DownloadSourcesJob - Downloaded sources for org.springframework.boot:spring-boot-autoconfigure:4.0.3
2026-03-02 17:27:00,942 [Worker-30: Download sources and javadoc] INFO  o.e.m.c.i.e.AbstractTransferListenerAdapter - Downloading https://repo.maven.apache.org/maven2/org/springframework/boot/spring-boot-starter-jackson/4.0.3/spring-boot-starter-jackson-4.0.3-sources.jar
2026-03-02 17:27:00,943 [Worker-30: Download sources and javadoc] INFO  o.e.m.c.i.e.AbstractTransferListenerAdapter - Downloaded https://repo.maven.apache.org/maven2/org/springframework/boot/spring-boot-starter-jackson/4.0.3/spring-boot-starter-jackson-4.0.3-sources.jar
2026-03-02 17:27:00,945 [Worker-30: Download sources and javadoc] INFO  o.e.m.j.internal.DownloadSourcesJob - Downloaded sources for org.springframework.boot:spring-boot-starter-jackson:4.0.3
2026-03-02 17:27:01,098 [Worker-30: Download sources and javadoc] INFO  o.e.m.c.i.e.AbstractTransferListenerAdapter - Downloading https://repo.maven.apache.org/maven2/org/springframework/boot/spring-boot-jackson/4.0.3/spring-boot-jackson-4.0.3-sources.jar
2026-03-02 17:27:01,113 [Worker-30: Download sources and javadoc] INFO  o.e.m.c.i.e.AbstractTransferListenerAdapter - Downloaded https://repo.maven.apache.org/maven2/org/springframework/boot/spring-boot-jackson/4.0.3/spring-boot-jackson-4.0.3-sources.jar
2026-03-02 17:27:01,115 [Worker-30: Download sources and javadoc] INFO  o.e.m.j.internal.DownloadSourcesJob - Downloaded sources for org.springframework.boot:spring-boot-jackson:4.0.3
2026-03-02 17:27:01,321 [Worker-30: Download sources and javadoc] INFO  o.e.m.c.i.e.AbstractTransferListenerAdapter - Downloading https://repo.maven.apache.org/maven2/tools/jackson/core/jackson-databind/3.0.4/jackson-databind-3.0.4-sources.jar
2026-03-02 17:27:01,920 [Worker-30: Download sources and javadoc] INFO  o.e.m.c.i.e.AbstractTransferListenerAdapter - Downloaded https://repo.maven.apache.org/maven2/tools/jackson/core/jackson-databind/3.0.4/jackson-databind-3.0.4-sources.jar
2026-03-02 17:27:01,921 [Worker-30: Download sources and javadoc] INFO  o.e.m.j.internal.DownloadSourcesJob - Downloaded sources for tools.jackson.core:jackson-databind:3.0.4
2026-03-02 17:27:02,122 [Worker-30: Download sources and javadoc] INFO  o.e.m.c.i.e.AbstractTransferListenerAdapter - Downloading https://repo.maven.apache.org/maven2/tools/jackson/core/jackson-core/3.0.4/jackson-core-3.0.4-sources.jar
2026-03-02 17:27:02,368 [Worker-30: Download sources and javadoc] INFO  o.e.m.c.i.e.AbstractTransferListenerAdapter - Downloaded https://repo.maven.apache.org/maven2/tools/jackson/core/jackson-core/3.0.4/jackson-core-3.0.4-sources.jar
2026-03-02 17:27:02,368 [Worker-30: Download sources and javadoc] INFO  o.e.m.j.internal.DownloadSourcesJob - Downloaded sources for tools.jackson.core:jackson-core:3.0.4
2026-03-02 17:27:02,581 [Worker-30: Download sources and javadoc] INFO  o.e.m.c.i.e.AbstractTransferListenerAdapter - Downloading https://repo.maven.apache.org/maven2/org/springframework/boot/spring-boot-starter-tomcat/4.0.3/spring-boot-starter-tomcat-4.0.3-sources.jar
2026-03-02 17:27:02,582 [Worker-30: Download sources and javadoc] INFO  o.e.m.c.i.e.AbstractTransferListenerAdapter - Downloaded https://repo.maven.apache.org/maven2/org/springframework/boot/spring-boot-starter-tomcat/4.0.3/spring-boot-starter-tomcat-4.0.3-sources.jar
2026-03-02 17:27:02,583 [Worker-30: Download sources and javadoc] INFO  o.e.m.j.internal.DownloadSourcesJob - Downloaded sources for org.springframework.boot:spring-boot-starter-tomcat:4.0.3
2026-03-02 17:27:02,791 [Worker-30: Download sources and javadoc] INFO  o.e.m.c.i.e.AbstractTransferListenerAdapter - Downloading https://repo.maven.apache.org/maven2/org/springframework/boot/spring-boot-starter-tomcat-runtime/4.0.3/spring-boot-starter-tomcat-runtime-4.0.3-sources.jar
2026-03-02 17:27:02,792 [Worker-30: Download sources and javadoc] INFO  o.e.m.c.i.e.AbstractTransferListenerAdapter - Downloaded https://repo.maven.apache.org/maven2/org/springframework/boot/spring-boot-starter-tomcat-runtime/4.0.3/spring-boot-starter-tomcat-runtime-4.0.3-sources.jar
2026-03-02 17:27:02,794 [Worker-30: Download sources and javadoc] INFO  o.e.m.j.internal.DownloadSourcesJob - Downloaded sources for org.springframework.boot:spring-boot-starter-tomcat-runtime:4.0.3
2026-03-02 17:27:03,048 [Worker-30: Download sources and javadoc] INFO  o.e.m.c.i.e.AbstractTransferListenerAdapter - Downloading https://repo.maven.apache.org/maven2/org/apache/tomcat/embed/tomcat-embed-core/11.0.18/tomcat-embed-core-11.0.18-sources.jar
2026-03-02 17:27:04,367 [Worker-30: Download sources and javadoc] INFO  o.e.m.c.i.e.AbstractTransferListenerAdapter - Downloaded https://repo.maven.apache.org/maven2/org/apache/tomcat/embed/tomcat-embed-core/11.0.18/tomcat-embed-core-11.0.18-sources.jar
2026-03-02 17:27:04,368 [Worker-30: Download sources and javadoc] INFO  o.e.m.j.internal.DownloadSourcesJob - Downloaded sources for org.apache.tomcat.embed:tomcat-embed-core:11.0.18
2026-03-02 17:27:04,582 [Worker-30: Download sources and javadoc] INFO  o.e.m.c.i.e.AbstractTransferListenerAdapter - Downloading https://repo.maven.apache.org/maven2/org/apache/tomcat/embed/tomcat-embed-el/11.0.18/tomcat-embed-el-11.0.18-sources.jar
2026-03-02 17:27:04,734 [Worker-30: Download sources and javadoc] INFO  o.e.m.c.i.e.AbstractTransferListenerAdapter - Downloaded https://repo.maven.apache.org/maven2/org/apache/tomcat/embed/tomcat-embed-el/11.0.18/tomcat-embed-el-11.0.18-sources.jar
2026-03-02 17:27:04,736 [Worker-30: Download sources and javadoc] INFO  o.e.m.j.internal.DownloadSourcesJob - Downloaded sources for org.apache.tomcat.embed:tomcat-embed-el:11.0.18
2026-03-02 17:27:04,973 [Worker-30: Download sources and javadoc] INFO  o.e.m.c.i.e.AbstractTransferListenerAdapter - Downloading https://repo.maven.apache.org/maven2/org/apache/tomcat/embed/tomcat-embed-websocket/11.0.18/tomcat-embed-websocket-11.0.18-sources.jar
2026-03-02 17:27:05,129 [Worker-30: Download sources and javadoc] INFO  o.e.m.c.i.e.AbstractTransferListenerAdapter - Downloaded https://repo.maven.apache.org/maven2/org/apache/tomcat/embed/tomcat-embed-websocket/11.0.18/tomcat-embed-websocket-11.0.18-sources.jar
2026-03-02 17:27:05,131 [Worker-30: Download sources and javadoc] INFO  o.e.m.j.internal.DownloadSourcesJob - Downloaded sources for org.apache.tomcat.embed:tomcat-embed-websocket:11.0.18
2026-03-02 17:27:05,292 [Worker-30: Download sources and javadoc] INFO  o.e.m.c.i.e.AbstractTransferListenerAdapter - Downloading https://repo.maven.apache.org/maven2/org/springframework/boot/spring-boot-tomcat/4.0.3/spring-boot-tomcat-4.0.3-sources.jar
2026-03-02 17:27:05,342 [Worker-30: Download sources and javadoc] INFO  o.e.m.c.i.e.AbstractTransferListenerAdapter - Downloaded https://repo.maven.apache.org/maven2/org/springframework/boot/spring-boot-tomcat/4.0.3/spring-boot-tomcat-4.0.3-sources.jar
2026-03-02 17:27:05,343 [Worker-30: Download sources and javadoc] INFO  o.e.m.j.internal.DownloadSourcesJob - Downloaded sources for org.springframework.boot:spring-boot-tomcat:4.0.3
2026-03-02 17:27:05,537 [Worker-30: Download sources and javadoc] INFO  o.e.m.c.i.e.AbstractTransferListenerAdapter - Downloading https://repo.maven.apache.org/maven2/org/springframework/boot/spring-boot-http-converter/4.0.3/spring-boot-http-converter-4.0.3-sources.jar
2026-03-02 17:27:05,553 [Worker-30: Download sources and javadoc] INFO  o.e.m.c.i.e.AbstractTransferListenerAdapter - Downloaded https://repo.maven.apache.org/maven2/org/springframework/boot/spring-boot-http-converter/4.0.3/spring-boot-http-converter-4.0.3-sources.jar
2026-03-02 17:27:05,554 [Worker-30: Download sources and javadoc] INFO  o.e.m.j.internal.DownloadSourcesJob - Downloaded sources for org.springframework.boot:spring-boot-http-converter:4.0.3
2026-03-02 17:27:05,763 [Worker-30: Download sources and javadoc] INFO  o.e.m.c.i.e.AbstractTransferListenerAdapter - Downloading https://repo.maven.apache.org/maven2/org/springframework/boot/spring-boot/4.0.3/spring-boot-4.0.3-sources.jar
2026-03-02 17:27:06,159 [Worker-30: Download sources and javadoc] INFO  o.e.m.c.i.e.AbstractTransferListenerAdapter - Downloaded https://repo.maven.apache.org/maven2/org/springframework/boot/spring-boot/4.0.3/spring-boot-4.0.3-sources.jar
2026-03-02 17:27:06,160 [Worker-30: Download sources and javadoc] INFO  o.e.m.j.internal.DownloadSourcesJob - Downloaded sources for org.springframework.boot:spring-boot:4.0.3
2026-03-02 17:27:06,395 [Worker-30: Download sources and javadoc] INFO  o.e.m.c.i.e.AbstractTransferListenerAdapter - Downloading https://repo.maven.apache.org/maven2/org/springframework/spring-context/7.0.5/spring-context-7.0.5-sources.jar
2026-03-02 17:27:06,797 [Worker-30: Download sources and javadoc] INFO  o.e.m.c.i.e.AbstractTransferListenerAdapter - Downloaded https://repo.maven.apache.org/maven2/org/springframework/spring-context/7.0.5/spring-context-7.0.5-sources.jar
2026-03-02 17:27:06,799 [Worker-30: Download sources and javadoc] INFO  o.e.m.j.internal.DownloadSourcesJob - Downloaded sources for org.springframework:spring-context:7.0.5
2026-03-02 17:27:07,018 [Worker-30: Download sources and javadoc] INFO  o.e.m.c.i.e.AbstractTransferListenerAdapter - Downloading https://repo.maven.apache.org/maven2/org/springframework/spring-web/7.0.5/spring-web-7.0.5-sources.jar
2026-03-02 17:27:07,710 [Worker-30: Download sources and javadoc] INFO  o.e.m.c.i.e.AbstractTransferListenerAdapter - Downloaded https://repo.maven.apache.org/maven2/org/springframework/spring-web/7.0.5/spring-web-7.0.5-sources.jar
2026-03-02 17:27:07,712 [Worker-30: Download sources and javadoc] INFO  o.e.m.j.internal.DownloadSourcesJob - Downloaded sources for org.springframework:spring-web:7.0.5
2026-03-02 17:27:07,939 [Worker-30: Download sources and javadoc] INFO  o.e.m.c.i.e.AbstractTransferListenerAdapter - Downloading https://repo.maven.apache.org/maven2/org/springframework/spring-beans/7.0.5/spring-beans-7.0.5-sources.jar
2026-03-02 17:27:08,375 [Worker-30: Download sources and javadoc] INFO  o.e.m.c.i.e.AbstractTransferListenerAdapter - Downloaded https://repo.maven.apache.org/maven2/org/springframework/spring-beans/7.0.5/spring-beans-7.0.5-sources.jar
2026-03-02 17:27:08,377 [Worker-30: Download sources and javadoc] INFO  o.e.m.j.internal.DownloadSourcesJob - Downloaded sources for org.springframework:spring-beans:7.0.5
2026-03-02 17:27:08,618 [Worker-30: Download sources and javadoc] INFO  o.e.m.c.i.e.AbstractTransferListenerAdapter - Downloading https://repo.maven.apache.org/maven2/io/micrometer/micrometer-observation/1.16.3/micrometer-observation-1.16.3-sources.jar
2026-03-02 17:27:08,650 [Worker-30: Download sources and javadoc] INFO  o.e.m.c.i.e.AbstractTransferListenerAdapter - Downloaded https://repo.maven.apache.org/maven2/io/micrometer/micrometer-observation/1.16.3/micrometer-observation-1.16.3-sources.jar
2026-03-02 17:27:08,653 [Worker-30: Download sources and javadoc] INFO  o.e.m.j.internal.DownloadSourcesJob - Downloaded sources for io.micrometer:micrometer-observation:1.16.3
2026-03-02 17:27:08,864 [Worker-30: Download sources and javadoc] INFO  o.e.m.c.i.e.AbstractTransferListenerAdapter - Downloading https://repo.maven.apache.org/maven2/io/micrometer/micrometer-commons/1.16.3/micrometer-commons-1.16.3-sources.jar
2026-03-02 17:27:08,896 [Worker-30: Download sources and javadoc] INFO  o.e.m.c.i.e.AbstractTransferListenerAdapter - Downloaded https://repo.maven.apache.org/maven2/io/micrometer/micrometer-commons/1.16.3/micrometer-commons-1.16.3-sources.jar
2026-03-02 17:27:08,898 [Worker-30: Download sources and javadoc] INFO  o.e.m.j.internal.DownloadSourcesJob - Downloaded sources for io.micrometer:micrometer-commons:1.16.3
2026-03-02 17:27:09,098 [Worker-30: Download sources and javadoc] INFO  o.e.m.c.i.e.AbstractTransferListenerAdapter - Downloading https://repo.maven.apache.org/maven2/org/springframework/boot/spring-boot-webmvc/4.0.3/spring-boot-webmvc-4.0.3-sources.jar
2026-03-02 17:27:09,198 [Worker-30: Download sources and javadoc] INFO  o.e.m.c.i.e.AbstractTransferListenerAdapter - Downloaded https://repo.maven.apache.org/maven2/org/springframework/boot/spring-boot-webmvc/4.0.3/spring-boot-webmvc-4.0.3-sources.jar
2026-03-02 17:27:09,199 [Worker-30: Download sources and javadoc] INFO  o.e.m.j.internal.DownloadSourcesJob - Downloaded sources for org.springframework.boot:spring-boot-webmvc:4.0.3
2026-03-02 17:27:09,399 [Worker-30: Download sources and javadoc] INFO  o.e.m.c.i.e.AbstractTransferListenerAdapter - Downloading https://repo.maven.apache.org/maven2/org/springframework/boot/spring-boot-servlet/4.0.3/spring-boot-servlet-4.0.3-sources.jar
2026-03-02 17:27:09,421 [Worker-30: Download sources and javadoc] INFO  o.e.m.c.i.e.AbstractTransferListenerAdapter - Downloaded https://repo.maven.apache.org/maven2/org/springframework/boot/spring-boot-servlet/4.0.3/spring-boot-servlet-4.0.3-sources.jar
2026-03-02 17:27:09,423 [Worker-30: Download sources and javadoc] INFO  o.e.m.j.internal.DownloadSourcesJob - Downloaded sources for org.springframework.boot:spring-boot-servlet:4.0.3
2026-03-02 17:27:09,643 [Worker-30: Download sources and javadoc] INFO  o.e.m.c.i.e.AbstractTransferListenerAdapter - Downloading https://repo.maven.apache.org/maven2/org/springframework/spring-webmvc/7.0.5/spring-webmvc-7.0.5-sources.jar
2026-03-02 17:27:10,034 [Worker-30: Download sources and javadoc] INFO  o.e.m.c.i.e.AbstractTransferListenerAdapter - Downloaded https://repo.maven.apache.org/maven2/org/springframework/spring-webmvc/7.0.5/spring-webmvc-7.0.5-sources.jar
2026-03-02 17:27:10,037 [Worker-30: Download sources and javadoc] INFO  o.e.m.j.internal.DownloadSourcesJob - Downloaded sources for org.springframework:spring-webmvc:7.0.5
2026-03-02 17:27:10,229 [Worker-30: Download sources and javadoc] INFO  o.e.m.c.i.e.AbstractTransferListenerAdapter - Downloading https://repo.maven.apache.org/maven2/org/springframework/spring-aop/7.0.5/spring-aop-7.0.5-sources.jar
2026-03-02 17:27:10,528 [Worker-30: Download sources and javadoc] INFO  o.e.m.c.i.e.AbstractTransferListenerAdapter - Downloaded https://repo.maven.apache.org/maven2/org/springframework/spring-aop/7.0.5/spring-aop-7.0.5-sources.jar
2026-03-02 17:27:10,530 [Worker-30: Download sources and javadoc] INFO  o.e.m.j.internal.DownloadSourcesJob - Downloaded sources for org.springframework:spring-aop:7.0.5
2026-03-02 17:27:10,714 [Worker-30: Download sources and javadoc] INFO  o.e.m.c.i.e.AbstractTransferListenerAdapter - Downloading https://repo.maven.apache.org/maven2/org/springframework/spring-expression/7.0.5/spring-expression-7.0.5-sources.jar
2026-03-02 17:27:10,906 [Worker-30: Download sources and javadoc] INFO  o.e.m.c.i.e.AbstractTransferListenerAdapter - Downloaded https://repo.maven.apache.org/maven2/org/springframework/spring-expression/7.0.5/spring-expression-7.0.5-sources.jar
2026-03-02 17:27:10,908 [Worker-30: Download sources and javadoc] INFO  o.e.m.j.internal.DownloadSourcesJob - Downloaded sources for org.springframework:spring-expression:7.0.5
2026-03-02 17:27:11,127 [Worker-30: Download sources and javadoc] INFO  o.e.m.c.i.e.AbstractTransferListenerAdapter - Downloading https://repo.maven.apache.org/maven2/org/springframework/boot/spring-boot-starter-webmvc-test/4.0.3/spring-boot-starter-webmvc-test-4.0.3-sources.jar
2026-03-02 17:27:11,142 [Worker-30: Download sources and javadoc] INFO  o.e.m.c.i.e.AbstractTransferListenerAdapter - Downloaded https://repo.maven.apache.org/maven2/org/springframework/boot/spring-boot-starter-webmvc-test/4.0.3/spring-boot-starter-webmvc-test-4.0.3-sources.jar
2026-03-02 17:27:11,143 [Worker-30: Download sources and javadoc] INFO  o.e.m.j.internal.DownloadSourcesJob - Downloaded sources for org.springframework.boot:spring-boot-starter-webmvc-test:4.0.3
2026-03-02 17:27:11,338 [Worker-30: Download sources and javadoc] INFO  o.e.m.c.i.e.AbstractTransferListenerAdapter - Downloading https://repo.maven.apache.org/maven2/org/springframework/boot/spring-boot-starter-jackson-test/4.0.3/spring-boot-starter-jackson-test-4.0.3-sources.jar
2026-03-02 17:27:11,339 [Worker-30: Download sources and javadoc] INFO  o.e.m.c.i.e.AbstractTransferListenerAdapter - Downloaded https://repo.maven.apache.org/maven2/org/springframework/boot/spring-boot-starter-jackson-test/4.0.3/spring-boot-starter-jackson-test-4.0.3-sources.jar
2026-03-02 17:27:11,341 [Worker-30: Download sources and javadoc] INFO  o.e.m.j.internal.DownloadSourcesJob - Downloaded sources for org.springframework.boot:spring-boot-starter-jackson-test:4.0.3
2026-03-02 17:27:11,518 [Worker-30: Download sources and javadoc] INFO  o.e.m.c.i.e.AbstractTransferListenerAdapter - Downloading https://repo.maven.apache.org/maven2/org/springframework/boot/spring-boot-starter-test/4.0.3/spring-boot-starter-test-4.0.3-sources.jar
2026-03-02 17:27:11,520 [Worker-30: Download sources and javadoc] INFO  o.e.m.c.i.e.AbstractTransferListenerAdapter - Downloaded https://repo.maven.apache.org/maven2/org/springframework/boot/spring-boot-starter-test/4.0.3/spring-boot-starter-test-4.0.3-sources.jar
2026-03-02 17:27:11,522 [Worker-30: Download sources and javadoc] INFO  o.e.m.j.internal.DownloadSourcesJob - Downloaded sources for org.springframework.boot:spring-boot-starter-test:4.0.3
2026-03-02 17:27:11,724 [Worker-30: Download sources and javadoc] INFO  o.e.m.c.i.e.AbstractTransferListenerAdapter - Downloading https://repo.maven.apache.org/maven2/org/springframework/boot/spring-boot-test/4.0.3/spring-boot-test-4.0.3-sources.jar
2026-03-02 17:27:11,854 [Worker-30: Download sources and javadoc] INFO  o.e.m.c.i.e.AbstractTransferListenerAdapter - Downloaded https://repo.maven.apache.org/maven2/org/springframework/boot/spring-boot-test/4.0.3/spring-boot-test-4.0.3-sources.jar
2026-03-02 17:27:11,858 [Worker-30: Download sources and javadoc] INFO  o.e.m.j.internal.DownloadSourcesJob - Downloaded sources for org.springframework.boot:spring-boot-test:4.0.3
2026-03-02 17:27:12,047 [Worker-30: Download sources and javadoc] INFO  o.e.m.c.i.e.AbstractTransferListenerAdapter - Downloading https://repo.maven.apache.org/maven2/org/springframework/boot/spring-boot-test-autoconfigure/4.0.3/spring-boot-test-autoconfigure-4.0.3-sources.jar
2026-03-02 17:27:12,048 [Worker-30: Download sources and javadoc] INFO  o.e.m.c.i.e.AbstractTransferListenerAdapter - Downloaded https://repo.maven.apache.org/maven2/org/springframework/boot/spring-boot-test-autoconfigure/4.0.3/spring-boot-test-autoconfigure-4.0.3-sources.jar
2026-03-02 17:27:12,049 [Worker-30: Download sources and javadoc] INFO  o.e.m.j.internal.DownloadSourcesJob - Downloaded sources for org.springframework.boot:spring-boot-test-autoconfigure:4.0.3
2026-03-02 17:27:12,240 [Worker-30: Download sources and javadoc] INFO  o.e.m.c.i.e.AbstractTransferListenerAdapter - Downloading https://repo.maven.apache.org/maven2/com/jayway/jsonpath/json-path/2.10.0/json-path-2.10.0-sources.jar
2026-03-02 17:27:12,304 [Worker-30: Download sources and javadoc] INFO  o.e.m.c.i.e.AbstractTransferListenerAdapter - Downloaded https://repo.maven.apache.org/maven2/com/jayway/jsonpath/json-path/2.10.0/json-path-2.10.0-sources.jar
2026-03-02 17:27:12,305 [Worker-30: Download sources and javadoc] INFO  o.e.m.j.internal.DownloadSourcesJob - Downloaded sources for com.jayway.jsonpath:json-path:2.10.0
2026-03-02 17:27:12,478 [Worker-30: Download sources and javadoc] INFO  o.e.m.c.i.e.AbstractTransferListenerAdapter - Downloading https://repo.maven.apache.org/maven2/org/assertj/assertj-core/3.27.7/assertj-core-3.27.7-sources.jar
2026-03-02 17:27:12,909 [Worker-30: Download sources and javadoc] INFO  o.e.m.c.i.e.AbstractTransferListenerAdapter - Downloaded https://repo.maven.apache.org/maven2/org/assertj/assertj-core/3.27.7/assertj-core-3.27.7-sources.jar
2026-03-02 17:27:12,910 [Worker-30: Download sources and javadoc] INFO  o.e.m.j.internal.DownloadSourcesJob - Downloaded sources for org.assertj:assertj-core:3.27.7
2026-03-02 17:27:13,178 [Worker-30: Download sources and javadoc] INFO  o.e.m.c.i.e.AbstractTransferListenerAdapter - Downloading https://repo.maven.apache.org/maven2/org/junit/jupiter/junit-jupiter/6.0.3/junit-jupiter-6.0.3-sources.jar
2026-03-02 17:27:13,180 [Worker-30: Download sources and javadoc] INFO  o.e.m.c.i.e.AbstractTransferListenerAdapter - Downloaded https://repo.maven.apache.org/maven2/org/junit/jupiter/junit-jupiter/6.0.3/junit-jupiter-6.0.3-sources.jar
2026-03-02 17:27:13,182 [Worker-30: Download sources and javadoc] INFO  o.e.m.j.internal.DownloadSourcesJob - Downloaded sources for org.junit.jupiter:junit-jupiter:6.0.3
2026-03-02 17:27:13,424 [Worker-30: Download sources and javadoc] INFO  o.e.m.c.i.e.AbstractTransferListenerAdapter - Downloading https://repo.maven.apache.org/maven2/org/junit/jupiter/junit-jupiter-api/6.0.3/junit-jupiter-api-6.0.3-sources.jar
2026-03-02 17:27:13,604 [Worker-30: Download sources and javadoc] INFO  o.e.m.c.i.e.AbstractTransferListenerAdapter - Downloaded https://repo.maven.apache.org/maven2/org/junit/jupiter/junit-jupiter-api/6.0.3/junit-jupiter-api-6.0.3-sources.jar
2026-03-02 17:27:13,606 [Worker-30: Download sources and javadoc] INFO  o.e.m.j.internal.DownloadSourcesJob - Downloaded sources for org.junit.jupiter:junit-jupiter-api:6.0.3
2026-03-02 17:27:13,858 [Worker-30: Download sources and javadoc] INFO  o.e.m.c.i.e.AbstractTransferListenerAdapter - Downloading https://repo.maven.apache.org/maven2/org/junit/platform/junit-platform-commons/6.0.3/junit-platform-commons-6.0.3-sources.jar
2026-03-02 17:27:13,932 [Worker-30: Download sources and javadoc] INFO  o.e.m.c.i.e.AbstractTransferListenerAdapter - Downloaded https://repo.maven.apache.org/maven2/org/junit/platform/junit-platform-commons/6.0.3/junit-platform-commons-6.0.3-sources.jar
2026-03-02 17:27:13,934 [Worker-30: Download sources and javadoc] INFO  o.e.m.j.internal.DownloadSourcesJob - Downloaded sources for org.junit.platform:junit-platform-commons:6.0.3
2026-03-02 17:27:14,137 [Worker-30: Download sources and javadoc] INFO  o.e.m.c.i.e.AbstractTransferListenerAdapter - Downloading https://repo.maven.apache.org/maven2/org/junit/jupiter/junit-jupiter-params/6.0.3/junit-jupiter-params-6.0.3-sources.jar
2026-03-02 17:27:14,213 [Worker-30: Download sources and javadoc] INFO  o.e.m.c.i.e.AbstractTransferListenerAdapter - Downloaded https://repo.maven.apache.org/maven2/org/junit/jupiter/junit-jupiter-params/6.0.3/junit-jupiter-params-6.0.3-sources.jar
2026-03-02 17:27:14,214 [Worker-30: Download sources and javadoc] INFO  o.e.m.j.internal.DownloadSourcesJob - Downloaded sources for org.junit.jupiter:junit-jupiter-params:6.0.3
2026-03-02 17:27:14,408 [Worker-30: Download sources and javadoc] INFO  o.e.m.c.i.e.AbstractTransferListenerAdapter - Downloading https://repo.maven.apache.org/maven2/org/junit/jupiter/junit-jupiter-engine/6.0.3/junit-jupiter-engine-6.0.3-sources.jar
2026-03-02 17:27:14,537 [Worker-30: Download sources and javadoc] INFO  o.e.m.c.i.e.AbstractTransferListenerAdapter - Downloaded https://repo.maven.apache.org/maven2/org/junit/jupiter/junit-jupiter-engine/6.0.3/junit-jupiter-engine-6.0.3-sources.jar
2026-03-02 17:27:14,539 [Worker-30: Download sources and javadoc] INFO  o.e.m.j.internal.DownloadSourcesJob - Downloaded sources for org.junit.jupiter:junit-jupiter-engine:6.0.3
2026-03-02 17:27:14,732 [Worker-30: Download sources and javadoc] INFO  o.e.m.c.i.e.AbstractTransferListenerAdapter - Downloading https://repo.maven.apache.org/maven2/org/junit/platform/junit-platform-engine/6.0.3/junit-platform-engine-6.0.3-sources.jar
2026-03-02 17:27:14,894 [Worker-30: Download sources and javadoc] INFO  o.e.m.c.i.e.AbstractTransferListenerAdapter - Downloaded https://repo.maven.apache.org/maven2/org/junit/platform/junit-platform-engine/6.0.3/junit-platform-engine-6.0.3-sources.jar
2026-03-02 17:27:14,895 [Worker-30: Download sources and javadoc] INFO  o.e.m.j.internal.DownloadSourcesJob - Downloaded sources for org.junit.platform:junit-platform-engine:6.0.3
2026-03-02 17:27:15,102 [Worker-30: Download sources and javadoc] INFO  o.e.m.c.i.e.AbstractTransferListenerAdapter - Downloading https://repo.maven.apache.org/maven2/org/springframework/spring-core/7.0.5/spring-core-7.0.5-sources.jar
2026-03-02 17:27:15,682 [Worker-30: Download sources and javadoc] INFO  o.e.m.c.i.e.AbstractTransferListenerAdapter - Downloaded https://repo.maven.apache.org/maven2/org/springframework/spring-core/7.0.5/spring-core-7.0.5-sources.jar
2026-03-02 17:27:15,684 [Worker-30: Download sources and javadoc] INFO  o.e.m.j.internal.DownloadSourcesJob - Downloaded sources for org.springframework:spring-core:7.0.5
2026-03-02 17:27:15,880 [Worker-30: Download sources and javadoc] INFO  o.e.m.c.i.e.AbstractTransferListenerAdapter - Downloading https://repo.maven.apache.org/maven2/org/springframework/spring-test/7.0.5/spring-test-7.0.5-sources.jar
2026-03-02 17:27:16,300 [Worker-30: Download sources and javadoc] INFO  o.e.m.c.i.e.AbstractTransferListenerAdapter - Downloaded https://repo.maven.apache.org/maven2/org/springframework/spring-test/7.0.5/spring-test-7.0.5-sources.jar
2026-03-02 17:27:16,301 [Worker-30: Download sources and javadoc] INFO  o.e.m.j.internal.DownloadSourcesJob - Downloaded sources for org.springframework:spring-test:7.0.5
2026-03-02 17:27:16,550 [Worker-30: Download sources and javadoc] INFO  o.e.m.c.i.e.AbstractTransferListenerAdapter - Downloading https://repo.maven.apache.org/maven2/org/springframework/boot/spring-boot-webmvc-test/4.0.3/spring-boot-webmvc-test-4.0.3-sources.jar
2026-03-02 17:27:16,553 [Worker-30: Download sources and javadoc] INFO  o.e.m.c.i.e.AbstractTransferListenerAdapter - Downloaded https://repo.maven.apache.org/maven2/org/springframework/boot/spring-boot-webmvc-test/4.0.3/spring-boot-webmvc-test-4.0.3-sources.jar
2026-03-02 17:27:16,554 [Worker-30: Download sources and javadoc] INFO  o.e.m.j.internal.DownloadSourcesJob - Downloaded sources for org.springframework.boot:spring-boot-webmvc-test:4.0.3
2026-03-02 17:27:16,769 [Worker-30: Download sources and javadoc] INFO  o.e.m.c.i.e.AbstractTransferListenerAdapter - Downloading https://repo.maven.apache.org/maven2/org/springframework/boot/spring-boot-web-server/4.0.3/spring-boot-web-server-4.0.3-sources.jar
2026-03-02 17:27:16,848 [Worker-30: Download sources and javadoc] INFO  o.e.m.c.i.e.AbstractTransferListenerAdapter - Downloaded https://repo.maven.apache.org/maven2/org/springframework/boot/spring-boot-web-server/4.0.3/spring-boot-web-server-4.0.3-sources.jar
2026-03-02 17:27:16,850 [Worker-30: Download sources and javadoc] INFO  o.e.m.j.internal.DownloadSourcesJob - Downloaded sources for org.springframework.boot:spring-boot-web-server:4.0.3
2026-03-02 17:27:17,008 [Worker-30: Download sources and javadoc] INFO  o.e.m.c.i.e.AbstractTransferListenerAdapter - Downloading https://repo.maven.apache.org/maven2/org/springframework/boot/spring-boot-resttestclient/4.0.3/spring-boot-resttestclient-4.0.3-sources.jar
2026-03-02 17:27:17,022 [Worker-30: Download sources and javadoc] INFO  o.e.m.c.i.e.AbstractTransferListenerAdapter - Downloaded https://repo.maven.apache.org/maven2/org/springframework/boot/spring-boot-resttestclient/4.0.3/spring-boot-resttestclient-4.0.3-sources.jar
2026-03-02 17:27:17,024 [Worker-30: Download sources and javadoc] INFO  o.e.m.j.internal.DownloadSourcesJob - Downloaded sources for org.springframework.boot:spring-boot-resttestclient:4.0.3
2026-03-02 17:33:21,457 [Worker-2: Building] INFO  o.a.m.s.f.DefaultMavenResourcesFiltering - Copying 1 resource from src/main/resources to target/classes
2026-03-02 17:33:21,475 [Worker-2: Building] INFO  o.a.m.s.f.DefaultMavenResourcesFiltering - Copying 0 resource from src/main/resources to target/classes
2026-03-02 17:33:21,482 [Worker-2: Building] INFO  o.a.m.s.f.DefaultMavenResourcesFiltering - skip non existing resourceDirectory /home/manikandan/Project Hub/SpringBoot Projects/student-api/src/test/resources
2026-03-02 17:33:39,223 [Worker-6: Building] INFO  o.a.m.s.f.DefaultMavenResourcesFiltering - Copying 1 resource from src/main/resources to target/classes
2026-03-02 17:33:39,233 [Worker-6: Building] INFO  o.a.m.s.f.DefaultMavenResourcesFiltering - Copying 0 resource from src/main/resources to target/classes
2026-03-02 17:33:39,242 [Worker-6: Building] INFO  o.a.m.s.f.DefaultMavenResourcesFiltering - skip non existing resourceDirectory /home/manikandan/Project Hub/SpringBoot Projects/student-api/src/test/resources
2026-03-02 17:33:54,965 [Worker-34: Building] INFO  o.a.m.s.f.DefaultMavenResourcesFiltering - Copying 1 resource from src/main/resources to target/classes
2026-03-02 17:33:54,981 [Worker-34: Building] INFO  o.a.m.s.f.DefaultMavenResourcesFiltering - Copying 0 resource from src/main/resources to target/classes
2026-03-02 17:33:54,989 [Worker-34: Building] INFO  o.a.m.s.f.DefaultMavenResourcesFiltering - skip non existing resourceDirectory /home/manikandan/Project Hub/SpringBoot Projects/student-api/src/test/resources
2026-03-02 17:34:19,721 [Worker-6: Building] INFO  o.a.m.s.f.DefaultMavenResourcesFiltering - Copying 1 resource from src/main/resources to target/classes
2026-03-02 17:34:19,747 [Worker-6: Building] INFO  o.a.m.s.f.DefaultMavenResourcesFiltering - Copying 0 resource from src/main/resources to target/classes
2026-03-02 17:34:19,751 [Worker-6: Building] INFO  o.a.m.s.f.DefaultMavenResourcesFiltering - skip non existing resourceDirectory /home/manikandan/Project Hub/SpringBoot Projects/student-api/src/test/resources
2026-03-02 17:34:51,713 [Worker-32: Building] INFO  o.a.m.s.f.DefaultMavenResourcesFiltering - Copying 1 resource from src/main/resources to target/classes
2026-03-02 17:34:51,718 [Worker-32: Building] INFO  o.a.m.s.f.DefaultMavenResourcesFiltering - Copying 0 resource from src/main/resources to target/classes
2026-03-02 17:34:51,720 [Worker-32: Building] INFO  o.a.m.s.f.DefaultMavenResourcesFiltering - skip non existing resourceDirectory /home/manikandan/Project Hub/SpringBoot Projects/student-api/src/test/resources
2026-03-02 17:35:14,820 [Worker-32: Building] INFO  o.a.m.s.f.DefaultMavenResourcesFiltering - Copying 1 resource from src/main/resources to target/classes
2026-03-02 17:35:14,839 [Worker-32: Building] INFO  o.a.m.s.f.DefaultMavenResourcesFiltering - Copying 0 resource from src/main/resources to target/classes
2026-03-02 17:35:14,847 [Worker-32: Building] INFO  o.a.m.s.f.DefaultMavenResourcesFiltering - skip non existing resourceDirectory /home/manikandan/Project Hub/SpringBoot Projects/student-api/src/test/resources
2026-03-02 17:36:05,579 [Worker-32: Building] INFO  o.a.m.s.f.DefaultMavenResourcesFiltering - Copying 1 resource from src/main/resources to target/classes
2026-03-02 17:36:05,586 [Worker-32: Building] INFO  o.a.m.s.f.DefaultMavenResourcesFiltering - Copying 0 resource from src/main/resources to target/classes
2026-03-02 17:36:05,590 [Worker-32: Building] INFO  o.a.m.s.f.DefaultMavenResourcesFiltering - skip non existing resourceDirectory /home/manikandan/Project Hub/SpringBoot Projects/student-api/src/test/resources
2026-03-02 17:36:26,059 [Worker-34: Building] INFO  o.a.m.s.f.DefaultMavenResourcesFiltering - Copying 1 resource from src/main/resources to target/classes
2026-03-02 17:36:26,064 [Worker-34: Building] INFO  o.a.m.s.f.DefaultMavenResourcesFiltering - Copying 0 resource from src/main/resources to target/classes
2026-03-02 17:36:26,066 [Worker-34: Building] INFO  o.a.m.s.f.DefaultMavenResourcesFiltering - skip non existing resourceDirectory /home/manikandan/Project Hub/SpringBoot Projects/student-api/src/test/resources
2026-03-02 17:37:40,857 [Worker-2: Building] INFO  o.a.m.s.f.DefaultMavenResourcesFiltering - Copying 1 resource from src/main/resources to target/classes
2026-03-02 17:37:40,869 [Worker-2: Building] INFO  o.a.m.s.f.DefaultMavenResourcesFiltering - Copying 0 resource from src/main/resources to target/classes
2026-03-02 17:37:40,875 [Worker-2: Building] INFO  o.a.m.s.f.DefaultMavenResourcesFiltering - skip non existing resourceDirectory /home/manikandan/Project Hub/SpringBoot Projects/student-api/src/test/resources
2026-03-02 17:37:52,763 [Worker-2: Building] INFO  o.a.m.s.f.DefaultMavenResourcesFiltering - Copying 1 resource from src/main/resources to target/classes
2026-03-02 17:37:52,782 [Worker-2: Building] INFO  o.a.m.s.f.DefaultMavenResourcesFiltering - Copying 0 resource from src/main/resources to target/classes
2026-03-02 17:37:52,787 [Worker-2: Building] INFO  o.a.m.s.f.DefaultMavenResourcesFiltering - skip non existing resourceDirectory /home/manikandan/Project Hub/SpringBoot Projects/student-api/src/test/resources
2026-03-02 17:39:19,011 [Worker-2: Building] INFO  o.a.m.s.f.DefaultMavenResourcesFiltering - Copying 1 resource from src/main/resources to target/classes
2026-03-02 17:39:19,020 [Worker-2: Building] INFO  o.a.m.s.f.DefaultMavenResourcesFiltering - Copying 0 resource from src/main/resources to target/classes
2026-03-02 17:39:19,024 [Worker-2: Building] INFO  o.a.m.s.f.DefaultMavenResourcesFiltering - skip non existing resourceDirectory /home/manikandan/Project Hub/SpringBoot Projects/student-api/src/test/resources
2026-03-02 17:39:45,511 [Worker-30: Building] INFO  o.a.m.s.f.DefaultMavenResourcesFiltering - Copying 1 resource from src/main/resources to target/classes
2026-03-02 17:39:45,518 [Worker-30: Building] INFO  o.a.m.s.f.DefaultMavenResourcesFiltering - Copying 0 resource from src/main/resources to target/classes
2026-03-02 17:39:45,521 [Worker-30: Building] INFO  o.a.m.s.f.DefaultMavenResourcesFiltering - skip non existing resourceDirectory /home/manikandan/Project Hub/SpringBoot Projects/student-api/src/test/resources
2026-03-02 17:52:25,636 [Worker-2: Building] INFO  o.a.m.s.f.DefaultMavenResourcesFiltering - Copying 0 resource from src/main/resources to target/classes
2026-03-02 17:52:25,637 [Worker-2: Building] INFO  o.a.m.s.f.DefaultMavenResourcesFiltering - Copying 0 resource from src/main/resources to target/classes
2026-03-02 17:52:25,640 [Worker-2: Building] INFO  o.a.m.s.f.DefaultMavenResourcesFiltering - skip non existing resourceDirectory /home/manikandan/Project Hub/SpringBoot Projects/student-api/src/test/resources
2026-03-02 17:53:04,332 [Worker-2: Building] INFO  o.a.m.s.f.DefaultMavenResourcesFiltering - Copying 0 resource from src/main/resources to target/classes
2026-03-02 17:53:04,332 [Worker-2: Building] INFO  o.a.m.s.f.DefaultMavenResourcesFiltering - Copying 0 resource from src/main/resources to target/classes
2026-03-02 17:53:04,334 [Worker-2: Building] INFO  o.a.m.s.f.DefaultMavenResourcesFiltering - skip non existing resourceDirectory /home/manikandan/Project Hub/SpringBoot Projects/student-api/src/test/resources
